Data,Último,Abertura,Máxima,Mínima
2010-07-18,0.1,0.0,0.1,0.1
2010-07-19,0.1,0.1,0.1,0.1
2010-07-20,0.1,0.1,0.1,0.1
2010-07-21,0.1,0.1,0.1,0.1
2010-07-22,0.1,0.1,0.1,0.1
2010-07-23,0.1,0.1,0.1,0.1
2010-07-24,0.1,0.1,0.1,0.1
2010-07-25,0.1,0.1,0.1,0.1
2010-07-26,0.1,0.1,0.1,0.1
2010-07-27,0.1,0.1,0.1,0.1
2010-07-28,0.1,0.1,0.1,0.1
2010-07-29,0.1,0.1,0.1,0.1
2010-07-30,0.1,0.1,0.1,0.1
2010-07-31,0.1,0.1,0.1,0.1
2010-08-01,0.1,0.1,0.1,0.1
2010-08-02,0.1,0.1,0.1,0.1
2010-08-03,0.1,0.1,0.1,0.1
2010-08-04,0.1,0.1,0.1,0.1
2010-08-05,0.1,0.1,0.1,0.1
2010-08-06,0.1,0.1,0.1,0.1
2010-08-07,0.1,0.1,0.1,0.1
2010-08-08,0.1,0.1,0.1,0.1
2010-08-09,0.1,0.1,0.1,0.1
2010-08-10,0.1,0.1,0.1,0.1
2010-08-11,0.1,0.1,0.1,0.1
2010-08-12,0.1,0.1,0.1,0.1
2010-08-13,0.1,0.1,0.1,0.1
2010-08-14,0.1,0.1,0.1,0.1
2010-08-15,0.1,0.1,0.1,0.1
2010-08-16,0.1,0.1,0.1,0.1
2010-08-17,0.1,0.1,0.1,0.1
2010-08-18,0.1,0.1,0.1,0.1
2010-08-19,0.1,0.1,0.1,0.1
2010-08-20,0.1,0.1,0.1,0.1
2010-08-21,0.1,0.1,0.1,0.1
2010-08-22,0.1,0.1,0.1,0.1
2010-08-23,0.1,0.1,0.1,0.1
2010-08-24,0.1,0.1,0.1,0.1
2010-08-25,0.1,0.1,0.1,0.1
2010-08-26,0.1,0.1,0.1,0.1
2010-08-27,0.1,0.1,0.1,0.1
2010-08-28,0.1,0.1,0.1,0.1
2010-08-29,0.1,0.1,0.1,0.1
2010-08-30,0.1,0.1,0.1,0.0
2010-08-31,0.1,0.1,0.1,0.1
2010-09-01,0.1,0.1,0.1,0.1
2010-09-02,0.1,0.1,0.1,0.1
2010-09-03,0.1,0.1,0.1,0.1
2010-09-04,0.1,0.1,0.1,0.1
2010-09-05,0.1,0.1,0.1,0.1
2010-09-06,0.1,0.1,0.1,0.1
2010-09-07,0.1,0.1,0.1,0.1
2010-09-08,0.1,0.1,0.1,0.1
2010-09-09,0.1,0.1,0.1,0.1
2010-09-10,0.1,0.1,0.1,0.1
2010-09-11,0.1,0.1,0.1,0.1
2010-09-12,0.1,0.1,0.1,0.1
2010-09-13,0.1,0.1,0.1,0.1
2010-09-14,0.1,0.1,0.2,0.1
2010-09-15,0.1,0.1,0.1,0.1
2010-09-16,0.1,0.1,0.1,0.1
2010-09-17,0.1,0.1,0.1,0.1
2010-09-18,0.1,0.1,0.1,0.1
2010-09-19,0.1,0.1,0.1,0.1
2010-09-20,0.1,0.1,0.1,0.1
2010-09-21,0.1,0.1,0.1,0.1
2010-09-22,0.1,0.1,0.1,0.1
2010-09-23,0.1,0.1,0.1,0.1
2010-09-24,0.1,0.1,0.1,0.1
2010-09-25,0.1,0.1,0.1,0.1
2010-09-26,0.1,0.1,0.1,0.1
2010-09-27,0.1,0.1,0.1,0.1
2010-09-28,0.1,0.1,0.1,0.1
2010-09-29,0.1,0.1,0.1,0.1
2010-09-30,0.1,0.1,0.1,0.1
2010-10-01,0.1,0.1,0.1,0.1
2010-10-02,0.1,0.1,0.1,0.1
2010-10-03,0.1,0.1,0.1,0.1
2010-10-04,0.1,0.1,0.1,0.1
2010-10-05,0.1,0.1,0.1,0.1
2010-10-06,0.1,0.1,0.1,0.1
2010-10-07,0.1,0.1,0.1,0.1
2010-10-08,0.1,0.1,0.1,0.0
2010-10-09,0.1,0.1,0.1,0.1
2010-10-10,0.1,0.1,0.1,0.1
2010-10-11,0.1,0.1,0.1,0.1
2010-10-12,0.1,0.1,0.1,0.1
2010-10-13,0.1,0.1,0.1,0.1
2010-10-14,0.1,0.1,0.1,0.1
2010-10-15,0.1,0.1,0.1,0.1
2010-10-16,0.1,0.1,0.1,0.1
2010-10-17,0.1,0.1,0.1,0.1
2010-10-18,0.1,0.1,0.1,0.1
2010-10-19,0.1,0.1,0.1,0.1
2010-10-20,0.1,0.1,0.1,0.1
2010-10-21,0.1,0.1,0.1,0.1
2010-10-22,0.1,0.1,0.1,0.1
2010-10-23,0.1,0.1,0.1,0.1
2010-10-24,0.1,0.1,0.2,0.1
2010-10-25,0.1,0.1,0.2,0.1
2010-10-26,0.2,0.1,0.2,0.1
2010-10-27,0.2,0.2,0.2,0.2
2010-10-28,0.2,0.2,0.2,0.2
2010-10-29,0.2,0.2,0.2,0.2
2010-10-30,0.2,0.2,0.2,0.2
2010-10-31,0.2,0.2,0.2,0.2
2010-11-01,0.2,0.2,0.2,0.2
2010-11-02,0.2,0.2,0.2,0.2
2010-11-03,0.2,0.2,0.3,0.1
2010-11-04,0.2,0.2,0.2,0.2
2010-11-05,0.3,0.2,0.3,0.2
2010-11-06,0.4,0.3,0.5,0.2
2010-11-07,0.3,0.4,0.5,0.3
2010-11-08,0.2,0.3,0.4,0.2
2010-11-09,0.2,0.2,0.3,0.2
2010-11-10,0.2,0.2,0.2,0.1
2010-11-11,0.2,0.2,0.2,0.2
2010-11-12,0.3,0.2,0.3,0.2
2010-11-13,0.3,0.3,0.3,0.3
2010-11-14,0.3,0.3,0.3,0.3
2010-11-15,0.3,0.3,0.3,0.3
2010-11-16,0.2,0.3,0.3,0.2
2010-11-17,0.2,0.2,0.3,0.2
2010-11-18,0.3,0.2,0.3,0.2
2010-11-19,0.3,0.3,0.3,0.3
2010-11-20,0.3,0.3,0.3,0.3
2010-11-21,0.3,0.3,0.3,0.3
2010-11-22,0.3,0.3,0.3,0.3
2010-11-23,0.3,0.3,0.3,0.3
2010-11-24,0.3,0.3,0.3,0.3
2010-11-25,0.3,0.3,0.3,0.3
2010-11-26,0.3,0.3,0.3,0.3
2010-11-27,0.3,0.3,0.3,0.3
2010-11-28,0.3,0.3,0.3,0.3
2010-11-29,0.2,0.3,0.3,0.2
2010-11-30,0.2,0.2,0.2,0.2
2010-12-01,0.2,0.2,0.2,0.2
2010-12-02,0.3,0.2,0.3,0.2
2010-12-03,0.3,0.3,0.3,0.2
2010-12-04,0.2,0.3,0.3,0.2
2010-12-05,0.2,0.2,0.2,0.2
2010-12-06,0.2,0.2,0.2,0.2
2010-12-07,0.2,0.2,0.2,0.2
2010-12-08,0.2,0.2,0.2,0.2
2010-12-09,0.2,0.2,0.2,0.2
2010-12-10,0.2,0.2,0.2,0.2
2010-12-11,0.2,0.2,0.2,0.2
2010-12-12,0.2,0.2,0.2,0.2
2010-12-13,0.2,0.2,0.2,0.2
2010-12-14,0.2,0.2,0.2,0.2
2010-12-15,0.2,0.2,0.2,0.2
2010-12-16,0.3,0.2,0.3,0.2
2010-12-17,0.2,0.3,0.2,0.2
2010-12-18,0.2,0.2,0.2,0.2
2010-12-19,0.2,0.2,0.2,0.2
2010-12-20,0.3,0.2,0.3,0.2
2010-12-21,0.2,0.3,0.3,0.2
2010-12-22,0.3,0.2,0.3,0.2
2010-12-23,0.3,0.3,0.3,0.2
2010-12-24,0.2,0.3,0.3,0.2
2010-12-25,0.2,0.2,0.3,0.2
2010-12-26,0.3,0.2,0.3,0.2
2010-12-27,0.3,0.3,0.3,0.3
2010-12-28,0.3,0.3,0.3,0.3
2010-12-29,0.3,0.3,0.3,0.3
2010-12-30,0.3,0.3,0.3,0.3
2010-12-31,0.3,0.3,0.3,0.3
2011-01-01,0.3,0.3,0.3,0.3
2011-01-02,0.3,0.3,0.3,0.3
2011-01-03,0.3,0.3,0.3,0.3
2011-01-04,0.3,0.3,0.3,0.3
2011-01-05,0.3,0.3,0.3,0.3
2011-01-06,0.3,0.3,0.3,0.3
2011-01-07,0.3,0.3,0.3,0.3
2011-01-08,0.3,0.3,0.3,0.3
2011-01-09,0.3,0.3,0.3,0.3
2011-01-10,0.3,0.3,0.3,0.3
2011-01-11,0.3,0.3,0.3,0.3
2011-01-12,0.3,0.3,0.4,0.3
2011-01-13,0.3,0.3,0.4,0.3
2011-01-14,0.4,0.3,0.4,0.3
2011-01-15,0.4,0.4,0.4,0.4
2011-01-16,0.4,0.4,0.4,0.4
2011-01-17,0.3,0.4,0.4,0.3
2011-01-18,0.3,0.3,0.3,0.3
2011-01-19,0.3,0.3,0.3,0.3
2011-01-20,0.4,0.3,0.4,0.3
2011-01-21,0.4,0.4,0.4,0.4
2011-01-22,0.4,0.4,0.4,0.4
2011-01-23,0.4,0.4,0.4,0.4
2011-01-24,0.4,0.4,0.4,0.4
2011-01-25,0.4,0.4,0.4,0.4
2011-01-26,0.4,0.4,0.4,0.4
2011-01-27,0.4,0.4,0.4,0.4
2011-01-28,0.4,0.4,0.4,0.4
2011-01-29,0.4,0.4,0.4,0.4
2011-01-30,0.5,0.4,0.5,0.4
2011-01-31,0.5,0.5,0.9,0.5
2011-02-01,0.7,0.5,0.9,0.5
2011-02-02,0.7,0.7,0.8,0.7
2011-02-03,0.7,0.7,0.8,0.7
2011-02-04,0.8,0.7,0.9,0.7
2011-02-05,0.9,0.8,0.9,0.8
2011-02-06,0.9,0.9,0.9,0.8
2011-02-07,0.9,0.9,0.9,0.8
2011-02-08,0.9,0.9,0.9,0.9
2011-02-09,1.1,0.9,1.1,0.8
2011-02-10,1.0,1.1,1.1,0.8
2011-02-11,1.1,1.0,1.1,0.9
2011-02-12,1.1,1.1,1.1,1.0
2011-02-13,1.0,1.1,1.1,1.0
2011-02-14,1.1,1.0,1.1,1.0
2011-02-15,1.0,1.1,1.1,1.0
2011-02-16,1.0,1.0,1.0,1.0
2011-02-17,1.0,1.0,1.0,1.0
2011-02-18,0.9,1.0,1.0,0.8
2011-02-19,0.9,0.9,1.0,0.8
2011-02-20,0.9,0.9,0.9,0.8
2011-02-21,0.8,0.9,0.9,0.8
2011-02-22,0.9,0.8,0.9,0.8
2011-02-23,0.9,0.9,0.9,0.9
2011-02-24,1.0,0.9,1.0,0.9
2011-02-25,0.9,1.0,1.0,0.9
2011-02-26,1.0,0.9,1.0,0.9
2011-02-27,0.9,1.0,1.0,0.9
2011-02-28,0.9,0.9,0.9,0.8
2011-03-01,0.9,0.9,1.0,0.9
2011-03-02,0.9,0.9,0.9,0.9
2011-03-03,0.9,0.9,0.9,0.9
2011-03-04,0.9,0.9,0.9,0.9
2011-03-05,0.9,0.9,0.9,0.8
2011-03-06,0.9,0.9,0.9,0.8
2011-03-07,0.9,0.9,0.9,0.8
2011-03-08,0.9,0.9,0.9,0.9
2011-03-09,0.9,0.9,0.9,0.9
2011-03-10,0.9,0.9,0.9,0.8
2011-03-11,0.9,0.9,0.9,0.9
2011-03-12,0.9,0.9,0.9,0.9
2011-03-13,0.9,0.9,0.9,0.9
2011-03-14,0.9,0.9,0.9,0.9
2011-03-15,0.9,0.9,0.9,0.9
2011-03-16,0.9,0.9,0.9,0.8
2011-03-17,0.8,0.9,0.9,0.8
2011-03-18,0.8,0.8,0.9,0.7
2011-03-19,0.8,0.8,0.8,0.7
2011-03-20,0.7,0.8,0.8,0.7
2011-03-21,0.8,0.7,0.8,0.7
2011-03-22,0.8,0.8,0.8,0.7
2011-03-23,0.8,0.8,0.9,0.8
2011-03-24,0.9,0.8,0.9,0.8
2011-03-25,0.9,0.9,0.9,0.9
2011-03-26,0.9,0.9,0.9,0.8
2011-03-27,0.8,0.9,0.9,0.8
2011-03-28,0.8,0.8,0.9,0.8
2011-03-29,0.8,0.8,0.8,0.8
2011-03-30,0.8,0.8,0.8,0.8
2011-03-31,0.8,0.8,0.8,0.8
2011-04-01,0.8,0.8,0.8,0.8
2011-04-02,0.8,0.8,0.8,0.8
2011-04-03,0.8,0.8,0.8,0.8
2011-04-04,0.7,0.8,0.8,0.6
2011-04-05,0.7,0.7,0.7,0.6
2011-04-06,0.7,0.7,0.8,0.7
2011-04-07,0.8,0.7,0.8,0.7
2011-04-08,0.8,0.8,0.8,0.7
2011-04-09,0.7,0.8,0.8,0.7
2011-04-10,0.7,0.7,0.8,0.7
2011-04-11,0.8,0.7,0.8,0.7
2011-04-12,0.9,0.8,0.9,0.8
2011-04-13,0.9,0.9,1.0,0.9
2011-04-14,1.0,0.9,1.0,0.9
2011-04-15,1.0,1.0,1.1,0.9
2011-04-16,1.0,1.0,1.1,1.0
2011-04-17,1.1,1.0,1.1,1.0
2011-04-18,1.2,1.1,1.2,1.1
2011-04-19,1.2,1.2,1.2,1.1
2011-04-20,1.1,1.2,1.2,1.1
2011-04-21,1.2,1.1,1.2,1.1
2011-04-22,1.4,1.2,1.4,1.2
2011-04-23,1.7,1.4,2.0,1.3
2011-04-24,1.6,1.7,2.0,1.6
2011-04-25,1.6,1.6,1.7,1.5
2011-04-26,1.8,1.6,1.8,1.5
2011-04-27,1.9,1.8,2.0,1.7
2011-04-28,2.2,1.9,2.7,1.7
2011-04-29,2.9,2.2,3.0,2.2
2011-04-30,3.5,2.9,4.2,2.8
2011-05-01,3.0,3.5,3.9,2.5
2011-05-02,3.2,3.0,3.5,3.0
2011-05-03,3.4,3.2,3.5,3.1
2011-05-04,3.4,3.4,3.6,3.3
2011-05-05,3.3,3.4,3.5,3.3
2011-05-06,3.5,3.3,3.6,3.3
2011-05-07,3.6,3.5,3.7,3.4
2011-05-08,3.9,3.6,3.9,3.6
2011-05-09,3.8,3.9,3.9,3.7
2011-05-10,5.8,3.8,6.0,3.8
2011-05-11,5.5,5.8,6.1,4.6
2011-05-12,6.3,5.5,6.5,5.2
2011-05-13,8.2,6.3,8.4,6.3
2011-05-14,7.2,8.2,8.9,5.8
2011-05-15,7.0,7.2,7.8,6.2
2011-05-16,8.0,7.0,8.5,6.8
2011-05-17,7.2,8.0,8.4,7.0
2011-05-18,6.9,7.2,7.5,6.6
2011-05-19,6.8,6.9,7.3,6.6
2011-05-20,5.6,6.8,7.1,5.6
2011-05-21,6.1,5.6,6.5,5.6
2011-05-22,6.7,6.1,6.8,6.0
2011-05-23,7.2,6.7,7.4,6.7
2011-05-24,7.4,7.2,7.5,7.0
2011-05-25,8.4,7.4,9.3,7.2
2011-05-26,8.8,8.4,9.0,8.0
2011-05-27,8.5,8.8,8.8,8.5
2011-05-28,8.3,8.5,8.7,8.1
2011-05-29,8.4,8.3,8.5,8.1
2011-05-30,8.8,8.4,9.0,8.3
2011-05-31,8.7,8.8,9.5,8.1
2011-06-01,9.6,8.7,9.7,8.3
2011-06-02,10.6,9.6,10.9,9.5
2011-06-03,14.3,10.6,14.5,10.6
2011-06-04,18.9,14.3,18.9,14.0
2011-06-05,16.7,18.9,19.0,16.2
2011-06-06,18.5,16.7,19.2,16.5
2011-06-07,23.9,18.5,24.3,18.3
2011-06-08,29.6,23.9,31.9,22.2
2011-06-09,28.9,29.6,31.5,26.1
2011-06-10,24.0,28.9,29.4,20.0
2011-06-11,14.6,24.0,24.0,13.0
2011-06-12,18.5,14.6,25.0,10.3
2011-06-13,19.8,18.5,24.5,16.0
2011-06-14,19.3,19.8,20.5,18.0
2011-06-15,19.5,19.3,20.0,19.0
2011-06-16,17.0,19.5,19.9,17.0
2011-06-17,15.7,17.0,18.3,13.0
2011-06-18,16.9,15.7,17.0,15.1
2011-06-19,17.5,16.9,18.9,16.9
2011-06-20,17.5,17.5,17.5,17.5
2011-06-21,17.5,17.5,17.5,17.5
2011-06-22,17.5,17.5,17.5,17.5
2011-06-23,17.5,17.5,17.5,17.5
2011-06-24,17.5,17.5,17.5,17.5
2011-06-25,17.5,17.5,17.5,17.5
2011-06-26,16.5,17.5,17.5,14.0
2011-06-27,16.8,16.5,18.0,15.0
2011-06-28,17.0,16.8,17.5,16.5
2011-06-29,16.9,17.0,17.2,16.7
2011-06-30,16.1,16.9,17.0,15.7
2011-07-01,15.4,16.1,16.7,15.3
2011-07-02,15.4,15.4,15.8,15.3
2011-07-03,15.4,15.4,15.7,15.3
2011-07-04,13.9,15.4,15.5,13.1
2011-07-05,12.9,13.9,15.0,11.0
2011-07-06,14.8,12.9,16.5,12.7
2011-07-07,14.8,14.8,15.9,14.5
2011-07-08,14.3,14.8,15.6,13.9
2011-07-09,14.4,14.3,14.7,14.0
2011-07-10,14.9,14.4,15.7,14.4
2011-07-11,14.2,14.9,15.2,13.8
2011-07-12,14.0,14.2,14.6,13.9
2011-07-13,13.9,14.0,14.1,13.9
2011-07-14,14.0,13.9,14.1,13.7
2011-07-15,13.8,14.0,14.1,13.5
2011-07-16,13.7,13.8,13.8,13.5
2011-07-17,13.2,13.7,13.8,13.0
2011-07-18,13.5,13.2,13.9,12.5
2011-07-19,13.9,13.5,14.7,13.4
2011-07-20,13.7,13.9,14.0,13.4
2011-07-21,13.6,13.7,13.8,13.4
2011-07-22,13.7,13.6,13.8,13.4
2011-07-23,13.7,13.7,13.8,13.5
2011-07-24,14.0,13.7,14.1,13.6
2011-07-25,14.1,14.0,14.7,13.8
2011-07-26,13.9,14.1,14.1,13.8
2011-07-27,13.9,13.9,14.1,13.9
2011-07-28,13.5,13.9,13.9,13.3
2011-07-29,13.5,13.5,13.7,13.3
2011-07-30,13.5,13.5,13.6,13.4
2011-07-31,13.4,13.5,14.9,12.8
2011-08-01,13.1,13.4,13.6,12.9
2011-08-02,12.1,13.1,13.1,11.5
2011-08-03,9.3,12.1,12.2,8.7
2011-08-04,10.8,9.3,11.1,9.3
2011-08-05,9.8,10.8,11.0,9.5
2011-08-06,6.6,9.8,9.9,5.7
2011-08-07,7.9,6.6,9.5,6.0
2011-08-08,7.8,7.9,8.2,7.1
2011-08-09,10.0,7.8,12.1,7.7
2011-08-10,10.0,10.0,10.4,9.5
2011-08-11,9.5,10.0,10.5,8.4
2011-08-12,9.5,9.5,9.8,8.9
2011-08-13,10.1,9.5,10.3,9.3
2011-08-14,10.8,10.1,11.2,9.6
2011-08-15,11.1,10.8,11.9,10.7
2011-08-16,11.0,11.1,11.3,10.8
2011-08-17,10.9,11.0,11.1,10.7
2011-08-18,10.8,10.9,11.1,10.8
2011-08-19,11.6,10.8,11.8,10.8
2011-08-20,11.4,11.6,11.7,11.4
2011-08-21,11.3,11.4,11.5,11.3
2011-08-22,10.9,11.3,11.5,10.5
2011-08-23,10.9,10.9,11.3,10.8
2011-08-24,10.9,10.9,11.1,10.8
2011-08-25,9.7,10.9,10.9,9.1
2011-08-26,8.2,9.7,9.9,7.6
2011-08-27,8.6,8.2,9.1,8.1
2011-08-28,9.1,8.6,9.5,8.4
2011-08-29,9.0,9.1,9.3,8.6
2011-08-30,8.8,9.0,9.0,8.6
2011-08-31,8.2,8.8,8.8,8.0
2011-09-01,8.2,8.2,8.4,8.1
2011-09-02,8.6,8.2,8.7,8.2
2011-09-03,8.5,8.6,8.7,8.4
2011-09-04,8.2,8.5,8.5,7.8
2011-09-05,7.6,8.2,8.2,7.3
2011-09-06,6.9,7.6,7.7,6.1
2011-09-07,7.2,6.9,7.6,6.5
2011-09-08,6.5,7.2,7.2,6.5
2011-09-09,5.0,6.5,6.6,4.2
2011-09-10,4.8,5.0,5.5,4.6
2011-09-11,5.9,4.8,7.4,4.6
2011-09-12,6.1,5.9,6.6,5.4
2011-09-13,5.8,6.1,6.1,5.7
2011-09-14,5.6,5.8,5.8,5.3
2011-09-15,4.8,5.6,5.6,4.4
2011-09-16,4.8,4.8,5.0,4.6
2011-09-17,4.8,4.8,4.9,4.7
2011-09-18,5.2,4.8,5.6,4.7
2011-09-19,5.5,5.2,5.6,4.9
2011-09-20,6.1,5.5,6.8,5.4
2011-09-21,5.6,6.1,6.3,5.1
2011-09-22,5.4,5.6,5.8,5.3
2011-09-23,5.6,5.4,5.7,5.4
2011-09-24,5.5,5.6,5.6,5.3
2011-09-25,5.3,5.5,5.5,5.3
2011-09-26,4.9,5.3,5.4,4.7
2011-09-27,4.9,4.9,5.1,4.8
2011-09-28,4.8,4.9,5.0,4.6
2011-09-29,4.8,4.8,4.8,4.7
2011-09-30,5.1,4.8,5.3,4.7
2011-10-01,5.0,5.1,5.3,4.9
2011-10-02,5.0,5.0,5.1,4.9
2011-10-03,5.0,5.0,5.0,4.9
2011-10-04,5.0,5.0,5.0,4.9
2011-10-05,4.9,5.0,5.0,4.8
2011-10-06,4.7,4.9,4.9,4.5
2011-10-07,4.3,4.7,4.8,3.8
2011-10-08,4.0,4.3,4.3,3.8
2011-10-09,4.1,4.0,4.4,4.0
2011-10-10,4.1,4.1,4.2,4.0
2011-10-11,3.9,4.1,4.1,3.8
2011-10-12,4.2,3.9,4.4,3.9
2011-10-13,4.1,4.2,4.2,4.0
2011-10-14,4.0,4.1,4.1,4.0
2011-10-15,3.8,4.0,4.1,3.7
2011-10-16,3.6,3.8,3.9,3.4
2011-10-17,2.6,3.6,3.7,2.3
2011-10-18,2.4,2.6,2.9,2.3
2011-10-19,2.3,2.4,2.5,2.0
2011-10-20,2.3,2.3,2.4,2.2
2011-10-21,2.6,2.3,2.7,2.3
2011-10-22,3.2,2.6,3.3,2.5
2011-10-23,3.2,3.2,3.2,3.0
2011-10-24,2.5,3.2,3.2,2.5
2011-10-25,2.8,2.5,3.0,2.4
2011-10-26,2.8,2.8,2.8,2.7
2011-10-27,3.0,2.8,3.1,2.7
2011-10-28,3.2,3.0,3.3,2.9
2011-10-29,3.6,3.2,3.8,3.1
2011-10-30,3.3,3.6,3.7,3.2
2011-10-31,3.3,3.3,3.3,3.1
2011-11-01,3.2,3.3,3.3,3.1
2011-11-02,3.3,3.2,3.4,3.1
2011-11-03,3.2,3.3,3.3,3.1
2011-11-04,3.1,3.2,3.2,3.0
2011-11-05,3.0,3.1,3.2,2.8
2011-11-06,3.0,3.0,3.0,2.9
2011-11-07,3.0,3.0,3.0,3.0
2011-11-08,3.0,3.0,3.2,3.0
2011-11-09,3.0,3.0,3.1,2.9
2011-11-10,2.8,3.0,3.0,2.8
2011-11-11,3.1,2.8,3.1,2.8
2011-11-12,3.0,3.1,3.1,3.0
2011-11-13,3.0,3.0,3.0,3.0
2011-11-14,2.2,3.0,3.0,2.1
2011-11-15,2.3,2.2,2.5,2.1
2011-11-16,2.6,2.3,2.6,2.3
2011-11-17,2.3,2.6,2.6,2.0
2011-11-18,2.0,2.3,2.4,2.0
2011-11-19,2.2,2.0,2.3,2.0
2011-11-20,2.2,2.2,2.5,2.2
2011-11-21,2.3,2.2,2.3,2.2
2011-11-22,2.3,2.3,2.3,2.3
2011-11-23,2.3,2.3,2.4,2.3
2011-11-24,2.4,2.3,2.6,2.3
2011-11-25,2.5,2.4,2.5,2.4
2011-11-26,2.5,2.5,2.5,2.4
2011-11-27,2.5,2.5,2.5,2.4
2011-11-28,2.5,2.5,2.5,2.4
2011-11-29,2.8,2.5,3.0,2.5
2011-11-30,3.0,2.8,3.1,2.7
2011-12-01,3.1,3.0,3.1,2.9
2011-12-02,3.1,3.1,3.1,3.0
2011-12-03,2.8,3.1,3.1,2.8
2011-12-04,2.8,2.8,2.9,2.6
2011-12-05,2.9,2.8,2.9,2.8
2011-12-06,3.0,2.9,3.0,2.9
2011-12-07,3.0,3.0,3.1,2.9
2011-12-08,3.0,3.0,3.0,2.9
2011-12-09,3.0,3.0,3.0,2.9
2011-12-10,3.0,3.0,3.1,2.9
2011-12-11,3.3,3.0,3.4,3.0
2011-12-12,3.1,3.3,3.3,3.1
2011-12-13,3.3,3.1,3.3,3.1
2011-12-14,3.2,3.3,3.3,3.0
2011-12-15,3.2,3.2,3.2,3.1
2011-12-16,3.2,3.2,3.2,3.2
2011-12-17,3.2,3.2,3.2,3.2
2011-12-18,3.2,3.2,3.2,3.2
2011-12-19,3.5,3.2,3.7,3.2
2011-12-20,4.0,3.5,4.5,3.5
2011-12-21,3.9,4.0,4.0,3.8
2011-12-22,3.9,3.9,4.0,3.5
2011-12-23,4.0,3.9,4.0,3.8
2011-12-24,3.9,4.0,4.0,3.9
2011-12-25,4.2,3.9,4.4,3.8
2011-12-26,4.0,4.2,4.3,3.8
2011-12-27,4.1,4.0,4.1,4.0
2011-12-28,4.2,4.1,4.3,4.0
2011-12-29,4.2,4.2,4.3,4.1
2011-12-30,4.3,4.2,4.3,4.1
2011-12-31,4.7,4.3,5.0,4.2
2012-01-01,5.3,4.7,5.5,4.6
2012-01-02,5.2,5.3,5.5,4.8
2012-01-03,4.9,5.2,5.3,4.7
2012-01-04,5.6,4.9,5.7,4.8
2012-01-05,6.9,5.6,7.2,5.6
2012-01-06,6.7,6.9,7.2,6.1
2012-01-07,6.8,6.7,7.0,6.4
2012-01-08,7.1,6.8,7.2,6.7
2012-01-09,6.3,7.1,7.2,5.8
2012-01-10,6.4,6.3,6.9,6.0
2012-01-11,6.9,6.4,7.1,6.4
2012-01-12,6.8,6.9,7.0,6.3
2012-01-13,6.4,6.8,6.8,6.4
2012-01-14,6.8,6.4,6.9,6.2
2012-01-15,7.0,6.8,7.1,6.7
2012-01-16,6.7,7.0,7.2,6.5
2012-01-17,5.6,6.7,6.9,4.6
2012-01-18,5.9,5.6,6.9,5.1
2012-01-19,6.4,5.9,6.4,5.9
2012-01-20,6.5,6.4,6.6,6.3
2012-01-21,6.2,6.5,6.6,6.1
2012-01-22,6.3,6.2,6.4,6.1
2012-01-23,6.4,6.3,6.4,6.2
2012-01-24,6.3,6.4,6.4,6.2
2012-01-25,5.8,6.3,6.3,5.5
2012-01-26,5.3,5.8,5.9,5.3
2012-01-27,5.3,5.3,5.5,5.1
2012-01-28,5.6,5.3,5.8,5.3
2012-01-29,5.4,5.6,5.7,5.3
2012-01-30,5.5,5.4,5.6,5.4
2012-01-31,5.5,5.5,5.7,5.4
2012-02-01,6.1,5.5,6.2,5.5
2012-02-02,6.1,6.1,6.2,5.8
2012-02-03,6.0,6.1,6.1,5.7
2012-02-04,5.9,6.0,6.0,5.8
2012-02-05,5.7,5.9,5.9,5.4
2012-02-06,5.4,5.7,5.7,5.4
2012-02-07,5.7,5.4,5.8,5.4
2012-02-08,5.6,5.7,5.8,5.3
2012-02-09,5.8,5.6,5.9,5.5
2012-02-10,5.9,5.8,6.0,5.8
2012-02-11,5.6,5.9,6.0,5.5
2012-02-12,5.5,5.6,5.8,5.4
2012-02-13,5.3,5.5,5.7,5.2
2012-02-14,4.5,5.3,5.4,4.2
2012-02-15,4.3,4.5,4.9,4.2
2012-02-16,4.3,4.3,4.4,3.9
2012-02-17,4.4,4.3,4.8,4.2
2012-02-18,4.2,4.4,4.5,4.1
2012-02-19,4.4,4.2,4.5,4.2
2012-02-20,4.4,4.4,4.5,4.3
2012-02-21,4.3,4.4,4.4,4.2
2012-02-22,4.4,4.3,4.5,4.3
2012-02-23,5.0,4.4,5.2,4.4
2012-02-24,5.0,5.0,5.1,4.8
2012-02-25,4.8,5.0,5.1,4.7
2012-02-26,4.9,4.8,5.1,4.8
2012-02-27,5.0,4.9,5.0,4.9
2012-02-28,4.9,5.0,5.0,4.7
2012-02-29,4.9,4.9,4.9,4.8
2012-03-01,4.9,4.9,5.0,4.9
2012-03-02,4.7,4.9,4.9,4.5
2012-03-03,4.6,4.7,4.8,4.5
2012-03-04,4.8,4.6,4.9,4.6
2012-03-05,5.0,4.8,5.1,4.8
2012-03-06,5.0,5.0,5.1,4.9
2012-03-07,4.9,5.0,5.1,4.8
2012-03-08,4.9,4.9,5.0,4.8
2012-03-09,4.9,4.9,4.9,4.8
2012-03-10,4.8,4.9,4.9,4.8
2012-03-11,4.9,4.8,5.0,4.8
2012-03-12,4.9,4.9,4.9,4.9
2012-03-13,5.3,4.9,5.4,4.9
2012-03-14,5.4,5.3,5.4,5.3
2012-03-15,5.3,5.4,5.4,5.3
2012-03-16,5.3,5.3,5.4,5.3
2012-03-17,5.2,5.3,5.4,5.2
2012-03-18,5.3,5.2,5.3,5.2
2012-03-19,4.7,5.3,5.3,4.5
2012-03-20,4.8,4.7,4.9,4.6
2012-03-21,4.8,4.8,4.9,4.8
2012-03-22,4.7,4.8,4.9,4.6
2012-03-23,4.7,4.7,4.8,4.6
2012-03-24,4.7,4.7,4.7,4.6
2012-03-25,4.6,4.7,4.7,4.3
2012-03-26,4.6,4.6,4.7,4.5
2012-03-27,4.8,4.6,4.8,4.5
2012-03-28,4.8,4.8,4.8,4.7
2012-03-29,4.8,4.8,4.9,4.7
2012-03-30,4.9,4.8,4.9,4.7
2012-03-31,4.9,4.9,4.9,4.8
2012-04-01,4.8,4.9,4.9,4.7
2012-04-02,5.0,4.8,5.1,4.8
2012-04-03,4.9,5.0,5.0,4.8
2012-04-04,4.9,4.9,5.0,4.9
2012-04-05,4.9,4.9,4.9,4.9
2012-04-06,4.9,4.9,5.0,4.9
2012-04-07,4.7,4.9,4.9,4.7
2012-04-08,4.8,4.7,4.8,4.6
2012-04-09,4.9,4.8,4.9,4.7
2012-04-10,4.8,4.9,4.9,4.8
2012-04-11,4.9,4.8,5.0,4.8
2012-04-12,4.9,4.9,4.9,4.8
2012-04-13,4.9,4.9,4.9,4.7
2012-04-14,5.0,4.9,5.0,4.9
2012-04-15,5.0,5.0,5.0,4.9
2012-04-16,4.9,5.0,5.0,4.9
2012-04-17,5.0,4.9,5.0,4.9
2012-04-18,5.1,5.0,5.2,5.0
2012-04-19,5.1,5.1,5.2,5.1
2012-04-20,5.3,5.1,5.5,5.1
2012-04-21,5.3,5.3,5.5,5.1
2012-04-22,5.2,5.3,5.3,5.1
2012-04-23,5.0,5.2,5.2,5.0
2012-04-24,5.1,5.0,5.2,4.9
2012-04-25,5.1,5.1,5.2,5.0
2012-04-26,5.1,5.1,5.2,5.0
2012-04-27,5.1,5.1,5.1,5.0
2012-04-28,5.0,5.1,5.1,4.8
2012-04-29,4.9,5.0,5.0,4.9
2012-04-30,4.9,4.9,5.0,4.9
2012-05-01,5.0,4.9,5.0,4.9
2012-05-02,5.1,5.0,5.2,5.0
2012-05-03,5.1,5.1,5.2,5.0
2012-05-04,5.1,5.1,5.2,5.1
2012-05-05,5.1,5.1,5.1,5.0
2012-05-06,5.1,5.1,5.1,5.0
2012-05-07,5.1,5.1,5.1,5.0
2012-05-08,5.1,5.1,5.1,5.0
2012-05-09,5.0,5.1,5.1,5.0
2012-05-10,4.8,5.0,5.1,4.8
2012-05-11,5.0,4.8,5.0,4.8
2012-05-12,4.9,5.0,5.0,4.9
2012-05-13,4.9,4.9,5.0,4.9
2012-05-14,5.0,4.9,5.0,4.9
2012-05-15,5.0,5.0,5.0,4.9
2012-05-16,5.1,5.0,5.1,5.0
2012-05-17,5.1,5.1,5.1,5.1
2012-05-18,5.1,5.1,5.1,5.1
2012-05-19,5.1,5.1,5.1,5.1
2012-05-20,5.1,5.1,5.2,5.1
2012-05-21,5.1,5.1,5.1,5.1
2012-05-22,5.1,5.1,5.1,5.1
2012-05-23,5.1,5.1,5.2,5.1
2012-05-24,5.1,5.1,5.2,5.1
2012-05-25,5.2,5.1,5.2,5.1
2012-05-26,5.1,5.2,5.2,5.1
2012-05-27,5.1,5.1,5.2,5.1
2012-05-28,5.1,5.1,5.2,5.1
2012-05-29,5.2,5.1,5.2,5.0
2012-05-30,5.1,5.2,5.2,5.1
2012-05-31,5.2,5.1,5.2,5.1
2012-06-01,5.3,5.2,5.3,5.2
2012-06-02,5.3,5.3,5.3,5.2
2012-06-03,5.2,5.3,5.3,5.2
2012-06-04,5.3,5.2,5.3,5.2
2012-06-05,5.4,5.3,5.5,5.2
2012-06-06,5.5,5.4,5.5,5.4
2012-06-07,5.6,5.5,5.6,5.4
2012-06-08,5.6,5.6,5.7,5.6
2012-06-09,5.6,5.6,5.7,5.5
2012-06-10,5.5,5.6,5.6,5.4
2012-06-11,5.6,5.5,5.6,5.4
2012-06-12,5.7,5.6,5.8,5.5
2012-06-13,5.9,5.7,6.0,5.7
2012-06-14,5.9,5.9,6.0,5.8
2012-06-15,6.5,5.9,6.6,5.9
2012-06-16,6.4,6.5,6.6,6.3
2012-06-17,6.2,6.4,6.5,6.1
2012-06-18,6.3,6.2,6.4,6.0
2012-06-19,6.5,6.3,6.5,6.3
2012-06-20,6.7,6.5,6.7,6.4
2012-06-21,6.7,6.7,6.8,6.6
2012-06-22,6.6,6.7,6.8,6.4
2012-06-23,6.4,6.6,6.7,6.4
2012-06-24,6.3,6.4,6.5,6.3
2012-06-25,6.3,6.3,6.4,6.2
2012-06-26,6.4,6.3,6.5,6.3
2012-06-27,6.7,6.4,6.7,6.4
2012-06-28,6.6,6.7,6.7,6.5
2012-06-29,6.7,6.6,6.7,6.5
2012-06-30,6.7,6.7,6.7,6.6
2012-07-01,6.6,6.7,6.7,6.5
2012-07-02,6.8,6.6,6.8,6.6
2012-07-03,6.4,6.8,6.8,6.4
2012-07-04,6.5,6.4,6.6,6.4
2012-07-05,6.7,6.5,6.8,6.5
2012-07-06,6.7,6.7,6.7,6.6
2012-07-07,6.8,6.7,6.9,6.6
2012-07-08,6.8,6.8,6.9,6.7
2012-07-09,7.0,6.8,7.1,6.7
2012-07-10,7.2,7.0,7.3,7.0
2012-07-11,7.2,7.2,7.3,7.0
2012-07-12,7.8,7.2,7.9,7.1
2012-07-13,7.7,7.8,7.8,7.4
2012-07-14,7.5,7.7,7.7,7.5
2012-07-15,7.6,7.5,7.7,7.4
2012-07-16,8.5,7.6,8.6,7.6
2012-07-17,8.8,8.5,9.5,7.3
2012-07-18,9.1,8.8,9.4,8.5
2012-07-19,8.9,9.1,9.2,8.8
2012-07-20,8.5,8.9,8.9,7.6
2012-07-21,8.9,8.5,9.7,8.0
2012-07-22,8.4,8.9,9.0,8.3
2012-07-23,8.4,8.4,9.2,7.8
2012-07-24,8.6,8.4,8.9,8.3
2012-07-25,8.8,8.6,8.9,8.4
2012-07-26,8.9,8.8,8.9,8.6
2012-07-27,8.9,8.9,8.9,8.8
2012-07-28,8.9,8.9,8.9,8.7
2012-07-29,8.7,8.9,8.9,8.7
2012-07-30,9.1,8.7,9.1,8.7
2012-07-31,9.4,9.1,9.4,9.1
2012-08-01,9.6,9.4,9.6,9.1
2012-08-02,10.5,9.6,11.0,9.4
2012-08-03,11.0,10.5,11.1,10.3
2012-08-04,11.0,11.0,11.3,10.5
2012-08-05,10.9,11.0,11.3,10.1
2012-08-06,10.9,10.9,11.2,10.6
2012-08-07,11.1,10.9,11.1,10.6
2012-08-08,11.1,11.1,11.1,10.9
2012-08-09,11.1,11.1,12.0,10.8
2012-08-10,11.4,11.1,11.6,11.0
2012-08-11,11.5,11.4,11.6,11.4
2012-08-12,11.6,11.5,11.8,11.4
2012-08-13,12.0,11.6,12.1,11.5
2012-08-14,12.2,12.0,12.3,11.9
2012-08-15,13.3,12.2,13.3,12.2
2012-08-16,13.5,13.3,13.8,12.5
2012-08-17,11.6,13.5,15.4,10.6
2012-08-18,11.6,11.6,12.9,11.0
2012-08-19,8.0,11.6,11.6,7.6
2012-08-20,10.1,8.0,10.5,7.8
2012-08-21,9.9,10.1,10.3,9.7
2012-08-22,9.8,9.9,10.1,9.6
2012-08-23,10.1,9.8,10.3,9.7
2012-08-24,10.6,10.1,10.6,9.9
2012-08-25,10.5,10.6,10.6,10.2
2012-08-26,10.6,10.5,10.6,10.4
2012-08-27,10.9,10.6,12.1,10.5
2012-08-28,10.9,10.9,11.2,10.5
2012-08-29,10.9,10.9,11.1,10.6
2012-08-30,10.8,10.9,10.9,10.6
2012-08-31,10.2,10.8,10.8,9.7
2012-09-01,10.0,10.2,10.3,9.8
2012-09-02,10.2,10.0,10.4,9.7
2012-09-03,10.5,10.2,10.6,10.1
2012-09-04,10.4,10.5,10.5,10.1
2012-09-05,11.0,10.4,11.2,10.3
2012-09-06,11.2,11.0,11.3,10.6
2012-09-07,11.0,11.2,11.2,10.9
2012-09-08,11.0,11.0,11.1,10.8
2012-09-09,11.0,11.0,11.1,10.9
2012-09-10,11.2,11.0,11.2,10.9
2012-09-11,11.3,11.2,11.4,10.9
2012-09-12,11.4,11.3,11.4,10.8
2012-09-13,11.4,11.4,11.4,11.2
2012-09-14,11.7,11.4,11.8,11.3
2012-09-15,11.8,11.7,11.8,11.6
2012-09-16,11.9,11.8,12.0,11.7
2012-09-17,11.9,11.9,12.0,11.8
2012-09-18,12.3,11.9,12.4,11.8
2012-09-19,12.6,12.3,12.7,12.1
2012-09-20,12.3,12.6,12.7,12.3
2012-09-21,12.4,12.3,12.5,12.0
2012-09-22,12.2,12.4,12.4,12.1
2012-09-23,12.2,12.2,12.3,11.6
2012-09-24,12.1,12.2,12.3,11.9
2012-09-25,12.2,12.1,12.2,12.0
2012-09-26,12.3,12.2,12.5,12.0
2012-09-27,12.3,12.3,12.4,12.2
2012-09-28,12.4,12.3,12.4,12.1
2012-09-29,12.4,12.4,12.5,12.2
2012-09-30,12.4,12.4,12.4,12.3
2012-10-01,12.4,12.4,12.5,12.3
2012-10-02,12.8,12.4,12.9,12.3
2012-10-03,12.9,12.8,13.0,12.7
2012-10-04,12.9,12.9,13.1,12.6
2012-10-05,12.7,12.9,13.0,12.5
2012-10-06,12.5,12.7,12.9,12.4
2012-10-07,11.8,12.5,12.6,11.7
2012-10-08,11.8,11.8,11.9,10.6
2012-10-09,11.9,11.8,12.4,11.6
2012-10-10,12.1,11.9,12.2,11.8
2012-10-11,12.0,12.1,12.1,11.9
2012-10-12,12.0,12.0,12.1,11.9
2012-10-13,11.9,12.0,12.1,11.9
2012-10-14,11.7,11.9,12.0,11.5
2012-10-15,11.8,11.7,12.0,11.4
2012-10-16,11.9,11.8,12.0,11.5
2012-10-17,11.8,11.9,12.0,11.7
2012-10-18,11.9,11.8,12.0,11.8
2012-10-19,11.7,11.9,12.0,11.6
2012-10-20,11.7,11.7,11.9,11.6
2012-10-21,11.6,11.7,11.8,11.6
2012-10-22,11.7,11.6,11.8,11.5
2012-10-23,11.6,11.7,12.0,11.4
2012-10-24,11.6,11.6,11.8,11.6
2012-10-25,10.9,11.6,11.7,10.5
2012-10-26,10.2,10.9,10.9,9.7
2012-10-27,10.3,10.2,10.8,9.8
2012-10-28,10.7,10.3,10.9,10.3
2012-10-29,10.6,10.7,10.9,10.3
2012-10-30,10.9,10.6,10.9,10.6
2012-10-31,11.2,10.9,11.2,10.7
2012-11-01,10.6,11.2,11.3,10.4
2012-11-02,10.5,10.6,10.8,10.3
2012-11-03,10.6,10.5,10.6,10.4
2012-11-04,10.8,10.6,10.9,10.5
2012-11-05,10.8,10.8,10.9,10.6
2012-11-06,10.9,10.8,10.9,10.7
2012-11-07,10.9,10.9,11.2,10.8
2012-11-08,10.9,10.9,11.1,10.8
2012-11-09,10.8,10.9,11.0,10.8
2012-11-10,10.9,10.8,11.0,10.8
2012-11-11,10.9,10.9,10.9,10.7
2012-11-12,11.0,10.9,11.2,10.8
2012-11-13,10.9,11.0,11.1,10.9
2012-11-14,10.9,10.9,11.1,10.8
2012-11-15,11.2,10.9,11.3,10.9
2012-11-16,11.8,11.2,11.8,11.2
2012-11-17,11.8,11.8,11.8,11.5
2012-11-18,11.6,11.8,11.8,11.6
2012-11-19,11.8,11.6,11.8,11.6
2012-11-20,11.7,11.8,11.8,11.6
2012-11-21,11.8,11.7,11.8,11.6
2012-11-22,12.4,11.8,12.4,11.7
2012-11-23,12.4,12.4,12.4,12.1
2012-11-24,12.4,12.4,12.5,12.3
2012-11-25,12.5,12.4,12.6,12.3
2012-11-26,12.3,12.5,12.6,11.9
2012-11-27,12.2,12.3,12.3,11.9
2012-11-28,12.4,12.2,12.4,12.1
2012-11-29,12.4,12.4,12.6,12.1
2012-11-30,12.6,12.4,12.6,12.4
2012-12-01,12.6,12.6,12.7,12.5
2012-12-02,12.5,12.6,12.7,12.4
2012-12-03,12.7,12.5,12.7,12.5
2012-12-04,13.4,12.7,13.5,12.6
2012-12-05,13.4,13.4,13.4,13.1
2012-12-06,13.3,13.4,13.7,12.9
2012-12-07,13.5,13.3,13.6,13.0
2012-12-08,13.4,13.5,13.6,13.4
2012-12-09,13.4,13.4,13.5,13.0
2012-12-10,13.4,13.4,13.6,13.3
2012-12-11,13.6,13.4,13.7,13.3
2012-12-12,13.7,13.6,13.8,13.3
2012-12-13,13.7,13.7,13.8,13.5
2012-12-14,13.6,13.7,13.9,13.0
2012-12-15,13.5,13.6,13.6,13.4
2012-12-16,13.3,13.5,13.7,13.1
2012-12-17,13.3,13.3,13.5,12.8
2012-12-18,13.3,13.3,13.4,13.1
2012-12-19,13.6,13.3,13.6,13.2
2012-12-20,13.5,13.6,13.7,13.3
2012-12-21,13.5,13.5,13.6,13.4
2012-12-22,13.4,13.5,13.6,13.3
2012-12-23,13.3,13.4,13.5,13.0
2012-12-24,13.4,13.3,13.4,13.2
2012-12-25,13.4,13.4,13.4,13.1
2012-12-26,13.5,13.4,13.5,13.2
2012-12-27,13.4,13.5,13.5,13.3
2012-12-28,13.4,13.4,13.6,13.3
2012-12-29,13.4,13.4,13.7,13.3
2012-12-30,13.4,13.4,13.6,13.4
2012-12-31,13.5,13.4,13.6,13.4
2013-01-01,13.3,13.5,13.6,13.2
2013-01-02,13.3,13.3,13.4,13.2
2013-01-03,13.4,13.3,13.5,13.3
2013-01-04,13.5,13.4,13.5,13.3
2013-01-05,13.4,13.5,13.6,13.3
2013-01-06,13.4,13.4,13.5,13.4
2013-01-07,13.6,13.4,13.6,13.4
2013-01-08,13.7,13.6,13.9,13.5
2013-01-09,13.8,13.7,13.9,13.6
2013-01-10,14.1,13.8,14.3,13.8
2013-01-11,14.1,14.1,14.4,13.9
2013-01-12,14.2,14.1,14.3,14.0
2013-01-13,14.1,14.2,14.3,13.9
2013-01-14,14.3,14.1,14.4,14.1
2013-01-15,14.3,14.3,14.5,14.0
2013-01-16,14.7,14.3,14.7,14.2
2013-01-17,15.5,14.7,15.7,14.6
2013-01-18,15.7,15.5,16.0,15.4
2013-01-19,15.6,15.7,15.8,15.3
2013-01-20,15.7,15.6,15.9,15.5
2013-01-21,16.8,15.7,17.0,15.6
2013-01-22,17.3,16.8,17.6,16.6
2013-01-23,17.5,17.3,17.6,16.8
2013-01-24,16.9,17.5,19.2,15.6
2013-01-25,17.4,16.9,17.8,15.4
2013-01-26,17.9,17.4,17.9,16.5
2013-01-27,17.8,17.9,18.0,17.2
2013-01-28,18.7,17.8,18.9,17.8
2013-01-29,19.5,18.7,19.8,18.7
2013-01-30,19.7,19.5,19.8,19.1
2013-01-31,20.4,19.7,21.4,19.5
2013-02-01,20.5,20.4,21.1,20.3
2013-02-02,19.6,20.5,20.5,18.0
2013-02-03,20.6,19.6,20.9,19.4
2013-02-04,20.4,20.6,21.0,19.9
2013-02-05,20.6,20.4,20.8,20.2
2013-02-06,21.2,20.6,21.3,20.6
2013-02-07,22.1,21.2,22.2,20.8
2013-02-08,22.7,22.1,22.8,22.0
2013-02-09,23.6,22.7,24.0,22.6
2013-02-10,24.0,23.6,24.1,22.7
2013-02-11,24.6,24.0,24.7,23.6
2013-02-12,25.2,24.6,25.8,24.3
2013-02-13,24.2,25.2,26.3,24.2
2013-02-14,27.2,24.2,27.6,21.7
2013-02-15,27.1,27.2,27.5,26.1
2013-02-16,27.2,27.1,27.5,26.8
2013-02-17,26.8,27.2,27.4,25.0
2013-02-18,27.0,26.8,27.1,26.4
2013-02-19,29.4,27.0,29.6,26.8
2013-02-20,29.6,29.4,29.9,29.0
2013-02-21,29.8,29.6,30.0,29.3
2013-02-22,30.3,29.8,31.3,29.7
2013-02-23,29.8,30.3,30.7,28.0
2013-02-24,29.9,29.8,30.4,29.2
2013-02-25,30.4,29.9,30.4,29.5
2013-02-26,31.1,30.4,31.7,30.1
2013-02-27,30.9,31.1,31.6,30.8
2013-02-28,33.4,30.9,34.5,30.9
2013-03-01,34.5,33.4,34.9,32.9
2013-03-02,34.3,34.5,34.8,33.2
2013-03-03,34.5,34.3,34.5,33.8
2013-03-04,36.2,34.5,36.7,34.2
2013-03-05,40.3,36.2,40.7,36.2
2013-03-06,41.0,40.3,49.1,40.1
2013-03-07,42.0,41.0,45.5,33.3
2013-03-08,44.2,42.0,44.5,41.0
2013-03-09,46.8,44.2,47.0,43.4
2013-03-10,46.0,46.8,48.0,45.5
2013-03-11,48.4,46.0,48.5,45.5
2013-03-12,44.3,48.4,48.4,36.7
2013-03-13,46.9,44.3,47.3,43.8
2013-03-14,47.2,46.9,48.0,46.0
2013-03-15,47.0,47.2,47.5,46.4
2013-03-16,47.0,47.0,47.4,46.3
2013-03-17,47.4,47.0,47.7,46.8
2013-03-18,51.6,47.4,52.9,47.1
2013-03-19,59.1,51.6,62.0,50.0
2013-03-20,64.5,59.1,66.0,57.7
2013-03-21,70.8,64.5,74.9,63.1
2013-03-22,69.9,70.8,73.8,65.0
2013-03-23,64.3,69.9,70.5,52.3
2013-03-24,71.5,64.3,72.5,62.7
2013-03-25,73.6,71.5,78.0,69.5
2013-03-26,78.5,73.6,79.7,73.1
2013-03-27,88.9,78.5,89.5,78.4
2013-03-28,86.2,88.9,95.7,75.0
2013-03-29,90.5,86.2,93.1,83.0
2013-03-30,92.2,90.5,95.0,87.0
2013-03-31,93.0,92.2,93.8,91.0
2013-04-01,104.0,93.0,106.0,92.2
2013-04-02,118.0,104.0,118.4,99.0
2013-04-03,135.0,118.0,147.0,110.0
2013-04-04,132.1,135.0,142.1,116.4
2013-04-05,142.3,132.1,144.9,130.2
2013-04-06,142.6,142.3,143.9,139.5
2013-04-07,162.3,142.6,164.9,142.6
2013-04-08,187.5,162.3,194.9,162.6
2013-04-09,230.0,187.5,240.1,186.5
2013-04-10,165.0,230.0,266.0,105.0
2013-04-11,124.9,165.0,188.7,110.2
2013-04-12,117.0,124.9,140.0,54.3
2013-04-13,93.0,117.0,130.0,85.5
2013-04-14,90.0,93.0,110.0,84.4
2013-04-15,82.4,90.0,102.0,71.5
2013-04-16,68.4,82.4,84.5,50.0
2013-04-17,93.1,68.4,98.8,63.3
2013-04-18,109.0,93.1,113.0,86.0
2013-04-19,118.5,109.0,136.4,105.5
2013-04-20,126.6,118.5,132.0,115.0
2013-04-21,119.2,126.6,130.5,110.0
2013-04-22,127.4,119.2,127.4,118.5
2013-04-23,143.5,127.4,144.0,125.0
2013-04-24,154.2,143.5,166.4,141.0
2013-04-25,141.7,154.2,162.0,120.1
2013-04-26,136.9,141.7,145.0,121.4
2013-04-27,128.0,136.9,139.9,122.7
2013-04-28,134.4,128.0,136.7,127.5
2013-04-29,144.0,134.4,149.1,133.0
2013-04-30,139.2,144.0,146.9,134.0
2013-05-01,116.4,139.2,140.1,104.0
2013-05-02,106.3,116.4,126.9,91.1
2013-05-03,98.1,106.3,109.0,79.0
2013-05-04,112.9,98.1,116.3,92.0
2013-05-05,116.0,112.9,118.8,107.0
2013-05-06,112.3,116.0,124.9,106.0
2013-05-07,109.6,112.3,114.0,97.5
2013-05-08,113.2,109.6,116.8,109.5
2013-05-09,112.8,113.2,113.7,108.8
2013-05-10,117.7,112.8,122.5,111.5
2013-05-11,115.6,117.7,118.7,113.0
2013-05-12,114.8,115.6,117.5,112.4
2013-05-13,118.0,114.8,118.9,114.5
2013-05-14,111.4,118.0,119.8,109.4
2013-05-15,114.2,111.4,116.4,103.0
2013-05-16,118.2,114.2,119.0,112.1
2013-05-17,123.5,118.2,125.6,116.6
2013-05-18,123.2,123.5,125.3,122.3
2013-05-19,122.5,123.2,124.5,119.5
2013-05-20,122.0,122.5,123.7,120.1
2013-05-21,122.9,122.0,123.1,121.1
2013-05-22,123.8,122.9,124.5,122.0
2013-05-23,126.3,123.8,126.9,123.0
2013-05-24,133.1,126.3,134.0,125.4
2013-05-25,132.0,133.1,133.5,128.2
2013-05-26,133.5,132.0,136.0,130.6
2013-05-27,129.8,133.5,135.5,124.0
2013-05-28,129.0,129.8,130.6,125.4
2013-05-29,132.3,129.0,132.7,127.6
2013-05-30,128.8,132.3,132.4,126.5
2013-05-31,128.8,128.8,130.0,126.3
2013-06-01,129.3,128.8,129.8,127.1
2013-06-02,122.5,129.3,130.1,115.0
2013-06-03,120.7,122.5,122.8,115.1
2013-06-04,121.4,120.7,124.0,118.8
2013-06-05,121.9,121.4,123.5,119.5
2013-06-06,119.0,121.9,123.3,117.0
2013-06-07,111.0,119.0,119.1,106.2
2013-06-08,107.9,111.0,113.2,107.0
2013-06-09,100.4,107.9,109.0,88.0
2013-06-10,106.3,100.4,110.6,95.0
2013-06-11,109.0,106.3,109.6,103.2
2013-06-12,108.8,109.0,112.3,106.0
2013-06-13,103.9,108.8,110.3,100.3
2013-06-14,100.0,103.9,104.7,97.1
2013-06-15,99.8,100.0,103.7,97.5
2013-06-16,99.9,99.8,101.8,98.9
2013-06-17,101.9,99.9,102.4,98.9
2013-06-18,107.3,101.9,113.3,101.0
2013-06-19,108.3,107.3,111.0,104.7
2013-06-20,111.3,108.3,114.5,107.1
2013-06-21,109.5,111.3,115.0,107.6
2013-06-22,108.2,109.5,110.0,107.5
2013-06-23,107.9,108.2,109.0,106.2
2013-06-24,102.1,107.9,108.3,100.8
2013-06-25,103.3,102.1,110.0,100.0
2013-06-26,104.0,103.3,105.5,101.8
2013-06-27,101.7,104.0,104.0,100.1
2013-06-28,94.7,101.7,101.8,92.3
2013-06-29,95.0,94.7,100.4,93.0
2013-06-30,97.5,95.0,98.1,93.8
2013-07-01,88.1,97.5,98.2,86.0
2013-07-02,90.4,88.1,92.6,87.5
2013-07-03,78.9,90.4,91.2,76.0
2013-07-04,80.0,78.9,84.3,72.0
2013-07-05,68.5,80.0,80.6,65.4
2013-07-06,69.7,68.5,75.0,66.8
2013-07-07,76.5,69.7,77.0,66.6
2013-07-08,76.0,76.5,80.0,72.5
2013-07-09,76.7,76.0,78.3,72.5
2013-07-10,88.0,76.7,89.8,75.5
2013-07-11,89.0,88.0,90.7,85.0
2013-07-12,94.0,89.0,104.2,88.0
2013-07-13,98.3,94.0,98.3,87.8
2013-07-14,94.4,98.3,99.0,92.9
2013-07-15,98.9,94.4,101.9,93.1
2013-07-16,97.1,98.9,100.7,96.0
2013-07-17,98.5,97.1,100.0,96.2
2013-07-18,90.1,98.5,98.8,86.2
2013-07-19,92.0,90.1,95.2,87.6
2013-07-20,89.8,92.0,93.1,89.3
2013-07-21,92.0,89.8,92.0,88.0
2013-07-22,91.6,92.0,92.0,89.8
2013-07-23,95.6,91.6,97.1,91.6
2013-07-24,95.1,95.6,96.0,92.3
2013-07-25,96.9,95.1,97.5,93.6
2013-07-26,96.0,96.9,97.5,96.0
2013-07-27,94.4,96.0,97.0,93.0
2013-07-28,98.8,94.4,100.6,94.0
2013-07-29,101.5,98.8,102.8,98.4
2013-07-30,108.0,101.5,108.0,100.5
2013-07-31,106.2,108.0,111.7,103.6
2013-08-01,104.0,106.2,108.0,103.0
2013-08-02,104.5,104.0,108.0,101.2
2013-08-03,104.9,104.5,105.9,102.0
2013-08-04,105.1,104.9,106.0,103.5
2013-08-05,106.7,105.1,107.8,105.0
2013-08-06,106.6,106.7,107.5,105.1
2013-08-07,106.0,106.6,107.0,105.2
2013-08-08,103.1,106.0,106.7,101.0
2013-08-09,102.8,103.1,105.8,101.9
2013-08-10,103.0,102.8,103.9,102.4
2013-08-11,105.0,103.0,105.2,102.7
2013-08-12,106.8,105.0,108.1,103.5
2013-08-13,109.6,106.8,109.6,104.5
2013-08-14,112.6,109.6,115.0,108.0
2013-08-15,110.0,112.6,113.3,108.8
2013-08-16,109.0,110.0,112.3,108.2
2013-08-17,112.8,109.0,114.0,108.2
2013-08-18,113.4,112.8,114.7,112.0
2013-08-19,118.5,113.4,123.8,111.8
2013-08-20,121.2,118.5,123.0,116.8
2013-08-21,123.3,121.2,125.0,119.7
2013-08-22,122.0,123.3,124.5,120.5
2013-08-23,118.5,122.0,122.0,118.4
2013-08-24,119.6,118.5,121.4,118.0
2013-08-25,122.1,119.6,123.0,119.1
2013-08-26,120.1,122.1,123.0,119.9
2013-08-27,131.3,120.1,133.0,120.0
2013-08-28,128.8,131.3,131.7,128.0
2013-08-29,129.3,128.8,131.2,128.2
2013-08-30,138.0,129.3,142.8,128.6
2013-08-31,141.0,138.0,148.7,135.9
2013-09-01,146.0,141.0,147.3,141.0
2013-09-02,144.0,146.0,148.5,142.1
2013-09-03,144.0,144.0,148.9,142.2
2013-09-04,132.5,144.0,145.8,130.1
2013-09-05,130.2,132.5,138.0,127.2
2013-09-06,121.9,130.2,134.0,121.9
2013-09-07,129.0,121.9,131.0,121.3
2013-09-08,126.3,129.0,129.9,124.1
2013-09-09,133.1,126.3,137.5,124.0
2013-09-10,132.6,133.1,136.0,131.4
2013-09-11,142.1,132.6,145.9,127.5
2013-09-12,139.4,142.1,145.5,137.5
2013-09-13,140.7,139.4,145.6,137.8
2013-09-14,136.7,140.7,142.0,136.5
2013-09-15,138.3,136.7,141.0,135.0
2013-09-16,139.4,138.3,142.2,137.9
2013-09-17,139.1,139.4,141.4,138.0
2013-09-18,140.4,139.1,142.0,139.0
2013-09-19,135.1,140.4,141.2,131.1
2013-09-20,133.8,135.1,137.3,131.0
2013-09-21,134.4,133.8,136.0,132.0
2013-09-22,134.0,134.4,135.0,131.0
2013-09-23,133.4,134.0,135.0,132.0
2013-09-24,134.8,133.4,136.6,132.5
2013-09-25,135.0,134.8,138.0,134.7
2013-09-26,137.1,135.0,139.0,134.7
2013-09-27,138.9,137.1,142.7,134.8
2013-09-28,142.5,138.9,143.0,138.0
2013-09-29,143.9,142.5,145.8,141.4
2013-09-30,141.9,143.9,145.8,138.1
2013-10-01,140.3,141.9,144.4,139.4
2013-10-02,123.0,140.3,141.9,109.7
2013-10-03,131.0,123.0,132.0,120.1
2013-10-04,136.8,131.0,139.8,128.5
2013-10-05,136.7,136.8,138.0,135.3
2013-10-06,137.8,136.7,138.0,134.1
2013-10-07,135.8,137.8,139.0,135.1
2013-10-08,136.5,135.8,137.8,135.6
2013-10-09,139.5,136.5,142.1,135.8
2013-10-10,140.4,139.5,141.7,138.5
2013-10-11,140.1,140.4,141.9,138.9
2013-10-12,142.9,140.1,143.1,139.4
2013-10-13,147.5,142.9,147.6,141.5
2013-10-14,151.4,147.5,153.7,146.0
2013-10-15,158.1,151.4,158.1,150.6
2013-10-16,152.8,158.1,163.0,144.2
2013-10-17,157.6,152.8,159.9,150.8
2013-10-18,168.3,157.6,168.3,156.5
2013-10-19,183.1,168.3,195.8,167.1
2013-10-20,186.1,183.1,186.1,177.2
2013-10-21,192.8,186.1,197.4,183.2
2013-10-22,203.0,192.8,205.5,192.8
2013-10-23,228.0,203.0,228.0,200.7
2013-10-24,207.0,228.0,233.4,175.3
2013-10-25,197.9,207.0,209.0,176.6
2013-10-26,188.6,197.9,198.4,187.0
2013-10-27,206.9,188.6,207.8,188.9
2013-10-28,206.9,206.9,209.8,200.4
2013-10-29,216.0,206.9,216.5,204.2
2013-10-30,208.0,216.0,216.5,204.0
2013-10-31,211.2,208.0,215.0,205.4
2013-11-01,213.4,211.2,214.9,209.7
2013-11-02,211.7,213.4,214.9,211.0
2013-11-03,224.0,211.7,226.9,212.1
2013-11-04,238.2,224.0,239.0,221.9
2013-11-05,251.3,238.2,258.9,229.0
2013-11-06,264.1,251.3,272.5,251.4
2013-11-07,309.6,264.1,324.2,263.6
2013-11-08,355.0,309.6,358.0,308.0
2013-11-09,367.8,355.0,395.0,340.0
2013-11-10,336.3,367.8,372.5,290.0
2013-11-11,363.0,336.3,376.0,321.4
2013-11-12,380.0,363.0,391.8,359.0
2013-11-13,434.9,380.0,445.0,372.2
2013-11-14,433.4,434.9,447.5,402.5
2013-11-15,433.9,433.4,457.9,413.0
2013-11-16,462.0,433.9,476.9,428.0
2013-11-17,528.3,462.0,536.8,457.0
2013-11-18,785.4,528.3,787.9,522.0
2013-11-19,645.7,785.4,900.9,502.6
2013-11-20,638.0,645.7,650.0,453.3
2013-11-21,764.9,638.0,784.3,595.2
2013-11-22,802.0,764.9,822.0,682.3
2013-11-23,832.5,802.0,890.0,799.5
2013-11-24,795.0,832.5,855.0,745.2
2013-11-25,830.0,795.0,850.0,759.0
2013-11-26,970.0,830.0,975.0,825.1
2013-12-07,697.0,845.0,896.0,576.0
2013-12-08,804.0,697.0,829.0,653.0
2013-12-09,919.0,804.0,980.0,787.7
2013-12-12,900.0,919.9,941.0,839.5
2013-12-13,936.8,900.0,989.9,882.1
2013-12-14,908.9,936.8,947.9,875.1
2013-12-15,919.9,908.9,927.9,838.0
2013-12-16,759.9,919.9,924.9,714.0
2013-12-17,715.0,759.9,780.0,678.9
2013-12-18,541.0,715.0,717.0,454.9
2013-12-19,732.0,541.0,746.0,522.4
2013-12-20,650.0,732.0,774.4,621.3
2013-12-21,640.5,650.0,690.0,610.0
2013-12-22,639.5,640.5,699.9,615.0
2013-12-23,713.2,639.5,724.9,631.0
2013-12-24,702.8,713.2,729.9,666.0
2013-12-25,707.3,702.8,710.0,673.9
2013-12-26,802.0,707.3,829.6,707.2
2013-12-27,803.0,802.0,836.8,767.9
2013-12-28,762.0,803.0,806.0,715.6
2013-12-29,785.0,762.0,804.0,735.0
2013-12-30,804.8,785.0,818.8,781.0
2013-12-31,805.9,804.8,813.9,777.0
2014-01-01,815.9,805.9,829.9,771.0
2014-01-02,856.9,815.9,886.2,810.5
2014-01-03,884.3,856.9,888.2,839.4
2014-01-04,924.7,884.3,932.2,848.3
2014-01-08,938.8,879.9,966.9,858.9
2014-01-09,937.0,938.8,964.6,866.5
2014-01-10,957.8,937.0,964.8,905.9
2014-01-13,922.9,939.8,949.2,879.9
2014-01-14,919.3,922.9,942.5,904.2
2014-01-15,941.2,919.3,973.1,915.1
2014-01-16,913.5,941.2,955.5,910.5
2014-01-17,894.2,913.5,929.8,867.2
2014-01-18,905.7,894.2,924.7,884.7
2014-01-19,954.8,905.7,958.1,901.9
2014-01-20,956.0,954.8,980.5,926.0
2014-01-21,962.2,956.0,974.3,943.2
2014-01-22,951.0,962.2,973.9,935.0
2014-01-23,944.2,951.0,958.1,936.3
2014-01-24,916.5,944.2,949.5,902.9
2014-01-25,961.0,916.5,978.4,915.9
2014-01-28,932.7,943.5,972.6,911.7
2014-01-29,925.7,932.7,950.6,918.9
2014-01-30,941.4,925.7,953.2,909.5
2014-01-31,938.8,941.4,954.7,924.6
2014-02-01,940.4,938.8,969.2,927.8
2014-02-02,953.3,940.4,959.4,934.4
2014-02-03,931.7,953.3,959.6,931.7
2014-02-04,926.6,931.7,949.1,900.8
2014-02-05,904.5,926.6,939.8,890.0
2014-02-06,828.9,904.5,908.8,800.9
2014-02-07,695.7,828.9,833.1,651.7
2014-02-08,648.8,695.7,719.3,632.1
2014-02-09,659.6,648.8,694.1,622.5
2014-02-10,582.6,659.6,700.0,500.0
2014-02-11,579.0,582.6,609.7,550.2
2014-02-12,531.1,579.0,585.1,511.9
2014-02-13,451.4,531.1,549.2,451.3
2014-02-14,427.7,451.4,500.0,302.2
2014-02-15,371.1,427.7,447.9,310.1
2014-02-16,299.8,371.1,540.0,220.4
2014-02-17,272.3,299.8,411.2,263.4
2014-02-18,294.0,272.3,370.1,248.3
2014-02-19,261.5,294.0,308.6,257.2
2014-02-20,111.9,261.5,271.6,109.2
2014-02-21,111.6,111.9,160.1,91.7
2014-02-22,255.6,111.6,290.6,96.7
2014-02-23,310.2,255.6,349.1,220.3
2014-02-24,174.0,310.2,316.9,131.9
2014-02-25,135.8,174.0,174.6,102.3
2014-02-26,593.1,135.8,650.0,522.8
2014-02-27,596.5,593.1,629.9,580.5
2014-02-28,573.9,596.5,599.0,570.0
2014-03-01,557.4,573.9,564.1,262.8
2014-03-02,544.6,557.4,562.9,541.5
2014-03-03,662.2,544.6,695.4,545.4
2014-03-04,661.8,662.2,686.2,645.2
2014-03-05,658.3,661.8,666.0,636.8
2014-03-06,648.3,658.3,661.8,636.2
2014-03-07,616.7,648.3,655.2,600.3
2014-03-08,609.2,616.7,625.7,588.6
2014-03-09,627.0,609.2,637.6,598.5
2014-03-10,613.0,627.0,633.7,594.7
2014-03-11,608.7,613.0,619.7,599.9
2014-03-12,619.4,608.7,640.8,608.2
2014-03-13,625.0,619.4,636.1,616.1
2014-03-14,614.0,625.0,631.2,610.6
2014-03-15,624.0,614.0,628.8,609.2
2014-03-16,619.1,624.0,627.3,613.2
2014-03-17,606.4,619.1,622.5,602.7
2014-03-18,598.9,606.4,611.7,585.7
2014-03-19,595.0,598.9,607.1,590.1
2014-03-20,566.0,595.0,598.4,560.3
2014-03-21,549.6,566.0,587.4,540.2
2014-03-22,564.3,549.6,570.0,537.2
2014-03-23,551.2,564.3,564.3,538.6
2014-03-24,567.6,551.2,572.5,531.3
2014-03-25,562.9,567.6,569.7,550.4
2014-03-26,562.5,562.9,575.4,546.3
2014-03-27,460.5,562.5,567.8,460.5
2014-03-28,482.6,460.5,515.0,453.8
2014-03-29,477.1,482.6,494.3,473.8
2014-03-30,446.9,477.1,479.0,424.0
2014-03-31,444.7,446.9,473.4,422.5
2014-04-01,463.5,444.7,487.4,438.0
2014-04-02,424.4,463.5,480.3,409.3
2014-04-03,436.3,424.4,448.7,386.7
2014-04-04,444.4,436.3,456.5,415.5
2014-04-05,456.6,444.4,461.2,439.4
2014-04-06,455.7,456.6,472.4,446.3
2014-04-07,462.4,455.7,485.1,448.0
2014-04-08,466.6,462.4,480.7,457.6
2014-04-09,457.3,466.6,479.7,451.1
2014-04-10,384.6,457.3,463.5,384.6
2014-04-11,435.1,384.6,450.4,355.7
2014-04-12,437.6,435.1,469.8,428.0
2014-04-13,427.6,437.6,454.1,409.9
2014-04-14,478.4,427.6,497.8,420.1
2014-04-15,526.4,478.4,526.6,466.4
2014-04-16,537.0,526.4,549.0,496.1
2014-04-17,502.0,537.0,537.0,486.9
2014-04-18,485.5,502.0,512.2,472.0
2014-04-19,506.0,485.5,516.9,473.2
2014-04-20,498.5,506.0,522.2,488.7
2014-04-21,495.2,498.5,524.7,490.7
2014-04-22,487.9,495.2,520.5,483.4
2014-04-23,487.3,487.9,510.0,482.3
2014-04-24,500.3,487.3,507.3,477.2
2014-04-25,464.5,500.3,502.5,438.3
2014-04-26,457.9,464.5,468.7,448.6
2014-04-27,443.2,457.9,461.4,437.4
2014-04-28,441.9,443.2,451.1,420.8
2014-04-29,446.1,441.9,453.8,430.7
2014-04-30,445.6,446.1,452.6,430.9
2014-05-01,460.1,445.6,464.5,444.5
2014-05-02,453.7,460.1,463.4,442.0
2014-05-03,438.6,453.7,454.2,429.1
2014-05-04,436.0,438.6,446.6,428.8
2014-05-05,430.9,436.0,443.9,426.4
2014-05-06,432.2,430.9,435.0,420.2
2014-05-07,446.5,432.2,458.8,423.5
2014-05-08,441.1,446.5,455.5,439.5
2014-05-09,445.5,441.1,455.8,438.5
2014-05-10,451.9,445.5,459.5,441.4
2014-05-11,433.2,451.9,455.4,429.0
2014-05-12,438.2,433.2,441.1,430.2
2014-05-13,433.9,438.2,442.3,432.7
2014-05-14,442.6,433.9,444.3,433.9
2014-05-15,448.1,442.6,450.0,441.5
2014-05-16,453.6,448.1,455.1,441.9
2014-05-17,452.8,453.6,455.9,452.2
2014-05-18,450.1,452.8,454.0,449.0
2014-05-19,443.9,450.1,451.7,441.2
2014-05-20,484.6,443.9,486.2,437.3
2014-05-21,488.8,484.6,495.2,481.7
2014-05-22,515.4,488.8,519.3,485.5
2014-05-23,518.1,515.4,540.9,515.2
2014-05-24,520.5,518.1,526.7,510.4
2014-05-25,570.4,520.5,575.2,520.5
2014-05-26,582.0,570.4,586.4,564.7
2014-05-27,570.1,582.0,586.2,555.3
2014-05-28,570.8,570.1,581.8,562.6
2014-05-29,564.4,570.8,573.8,557.7
2014-05-30,612.3,564.4,613.3,564.0
2014-05-31,627.9,612.3,629.0,604.7
2014-06-01,649.8,627.9,675.0,622.0
2014-06-02,655.5,649.8,662.6,625.5
2014-06-03,669.4,655.5,676.5,631.4
2014-06-04,638.9,669.4,669.8,602.1
2014-06-05,660.2,638.9,665.4,635.6
2014-06-06,650.4,660.2,663.8,647.1
2014-06-07,651.7,650.4,659.8,641.0
2014-06-08,651.0,651.7,658.9,648.7
2014-06-09,644.3,651.0,652.1,639.1
2014-06-10,655.6,644.3,661.4,641.7
2014-06-11,643.0,655.6,663.0,642.3
2014-06-12,597.1,643.0,643.8,591.1
2014-06-13,610.3,597.1,619.1,594.9
2014-06-14,583.4,610.3,613.8,563.7
2014-06-15,582.3,583.4,587.8,560.8
2014-06-16,599.1,582.3,606.1,580.5
2014-06-17,605.1,599.1,608.4,594.9
2014-06-18,606.2,605.1,614.4,603.6
2014-06-19,600.2,606.2,612.6,598.7
2014-06-20,590.8,600.2,602.0,587.1
2014-06-21,597.0,590.8,599.2,584.8
2014-06-22,603.6,597.0,610.1,592.0
2014-06-23,591.2,603.6,604.7,582.9
2014-06-24,588.8,591.2,595.7,585.4
2014-06-25,568.5,588.8,589.6,566.9
2014-06-26,582.7,568.5,582.7,565.8
2014-06-27,602.2,582.7,603.9,580.1
2014-06-28,597.6,602.2,608.8,594.0
2014-06-29,601.1,597.6,604.3,593.2
2014-06-30,635.1,601.1,637.3,596.5
2014-07-01,643.2,635.1,652.5,634.1
2014-07-02,645.7,643.2,652.1,604.6
2014-07-03,638.0,645.7,646.4,633.6
2014-07-04,624.0,638.0,642.2,623.0
2014-07-05,623.0,624.0,627.8,619.7
2014-07-06,626.7,623.0,629.4,622.7
2014-07-07,613.6,626.7,627.9,607.3
2014-07-08,615.3,613.6,619.7,609.3
2014-07-09,623.0,615.3,623.8,610.5
2014-07-10,618.4,623.0,625.0,611.7
2014-07-11,632.9,618.4,633.6,616.1
2014-07-12,635.9,632.9,638.6,625.9
2014-07-13,628.0,635.9,638.6,627.5
2014-07-14,618.3,628.0,629.0,616.1
2014-07-15,619.6,618.3,624.4,617.3
2014-07-16,614.8,619.6,622.4,614.2
2014-07-17,626.6,614.8,632.5,610.0
2014-07-18,627.5,626.6,630.2,617.9
2014-07-19,627.0,627.5,634.1,625.1
2014-07-20,621.0,627.0,627.9,620.0
2014-07-21,625.1,621.0,625.9,615.0
2014-07-22,622.5,625.1,628.8,620.0
2014-07-23,621.7,622.5,625.0,621.0
2014-07-24,601.9,621.7,622.0,599.4
2014-07-25,600.5,601.9,609.1,597.4
2014-07-26,596.0,600.5,603.0,593.3
2014-07-27,595.0,596.0,601.5,593.7
2014-07-28,587.9,595.0,597.5,578.1
2014-07-29,585.8,587.9,591.3,579.5
2014-07-30,564.6,585.8,586.1,564.2
2014-07-31,589.5,564.6,593.7,564.0
2014-08-01,598.8,589.5,604.0,586.4
2014-08-02,591.7,598.8,598.9,587.4
2014-08-03,588.9,591.7,592.1,580.6
2014-08-04,592.8,588.9,595.1,586.5
2014-08-05,588.8,592.8,594.3,585.4
2014-08-06,589.8,588.8,593.8,587.2
2014-08-07,592.8,589.8,595.1,587.9
2014-08-08,595.8,592.8,608.2,592.1
2014-08-09,589.5,595.8,595.6,587.4
2014-08-10,592.1,589.5,596.6,588.1
2014-08-11,575.9,592.1,593.6,571.7
2014-08-12,567.7,575.9,578.3,562.0
2014-08-13,542.1,567.7,573.5,523.2
2014-08-14,504.8,542.1,544.9,495.9
2014-08-15,496.5,504.8,515.2,483.2
2014-08-16,522.0,496.5,524.3,483.2
2014-08-17,485.5,522.0,524.7,478.2
2014-08-18,462.2,485.5,493.3,450.0
2014-08-19,485.1,462.2,487.0,455.8
2014-08-20,516.8,485.1,521.8,468.5
2014-08-21,517.9,516.8,537.2,511.4
2014-08-22,516.1,517.9,524.4,500.6
2014-08-23,497.7,516.1,516.8,494.0
2014-08-24,509.7,497.7,514.8,496.8
2014-08-25,502.9,509.7,511.3,499.7
2014-08-26,512.6,502.9,516.0,501.8
2014-08-27,515.2,512.6,527.4,512.7
2014-08-28,510.8,515.2,521.6,503.3
2014-08-29,512.6,510.8,515.2,506.7
2014-08-30,506.0,512.6,512.9,503.1
2014-08-31,481.8,506.0,508.3,478.3
2014-09-01,477.2,481.8,487.5,471.8
2014-09-02,478.9,477.2,487.0,470.5
2014-09-03,480.0,478.9,487.3,476.8
2014-09-04,491.0,480.0,498.5,476.3
2014-09-05,483.6,491.0,495.0,483.1
2014-09-06,484.5,483.6,491.4,480.8
2014-09-07,485.8,484.5,490.7,478.5
2014-09-08,475.7,485.8,487.0,469.5
2014-09-09,474.9,475.7,478.6,467.5
2014-09-10,479.7,474.9,491.0,471.6
2014-09-11,478.5,479.7,488.9,474.6
2014-09-12,477.7,478.5,479.7,471.1
2014-09-13,478.2,477.7,480.6,474.6
2014-09-14,477.7,478.2,480.3,472.0
2014-09-15,477.7,477.7,479.3,473.7
2014-09-16,466.8,477.7,478.8,464.0
2014-09-17,461.1,466.8,469.4,458.3
2014-09-18,424.3,461.1,462.3,408.8
2014-09-19,397.7,424.3,429.2,386.1
2014-09-20,411.5,397.7,427.7,387.5
2014-09-21,401.6,411.5,415.1,394.5
2014-09-22,404.1,401.6,410.8,398.6
2014-09-23,436.9,404.1,445.5,394.8
2014-09-24,423.8,436.9,439.2,422.1
2014-09-25,412.3,423.8,427.5,409.6
2014-09-26,404.5,412.3,416.4,399.7
2014-09-27,399.0,404.5,407.1,394.7
2014-09-28,379.1,399.0,402.3,374.1
2014-09-29,376.8,379.1,389.3,372.6
2014-09-30,388.2,376.8,395.2,374.7
2014-10-01,382.8,388.2,395.1,381.1
2014-10-02,375.1,382.8,385.6,371.2
2014-10-03,363.5,375.1,378.2,362.8
2014-10-04,335.3,363.5,369.9,327.1
2014-10-05,322.9,335.3,344.3,294.9
2014-10-06,331.5,322.9,347.9,303.0
2014-10-07,331.6,331.5,345.5,321.7
2014-10-08,350.9,331.6,351.6,325.4
2014-10-09,360.9,350.9,384.6,347.6
2014-10-10,361.7,360.9,378.1,353.3
2014-10-11,361.2,361.7,370.1,350.5
2014-10-12,373.2,361.2,374.6,352.3
2014-10-13,387.3,373.2,391.2,366.0
2014-10-14,397.1,387.3,407.7,385.7
2014-10-15,393.2,397.1,397.9,388.2
2014-10-16,379.8,393.2,398.8,371.6
2014-10-17,380.5,379.8,384.8,372.4
2014-10-18,390.9,380.5,395.7,373.6
2014-10-19,387.3,390.9,394.5,383.9
2014-10-20,380.4,387.3,387.8,378.4
2014-10-21,382.4,380.4,388.2,377.4
2014-10-22,378.9,382.4,383.7,377.0
2014-10-23,355.8,378.9,381.1,353.5
2014-10-24,355.1,355.8,360.9,351.4
2014-10-25,346.7,355.1,356.6,341.5
2014-10-26,348.7,346.7,356.8,344.2
2014-10-27,350.1,348.7,356.4,344.9
2014-10-28,351.1,350.1,355.7,348.3
2014-10-29,335.1,351.1,352.8,334.7
2014-10-30,344.9,335.1,350.4,333.4
2014-10-31,337.9,344.9,348.0,336.1
2014-11-01,325.4,337.9,339.0,320.7
2014-11-02,322.5,325.4,329.8,319.8
2014-11-03,324.2,322.5,332.9,321.7
2014-11-04,328.0,324.2,328.8,320.1
2014-11-05,338.0,328.0,342.0,326.5
2014-11-06,347.7,338.0,351.1,335.7
2014-11-07,341.9,347.7,351.6,340.2
2014-11-08,343.5,341.9,346.3,339.8
2014-11-09,362.0,343.5,362.2,341.8
2014-11-10,367.1,362.0,374.7,356.6
2014-11-11,365.4,367.1,371.0,361.9
2014-11-12,432.0,365.4,442.7,365.8
2014-11-13,428.7,432.0,480.5,390.9
2014-11-14,396.5,428.7,430.2,382.0
2014-11-15,374.9,396.5,407.3,368.0
2014-11-16,385.6,374.9,390.4,370.5
2014-11-17,384.7,385.6,412.3,378.3
2014-11-18,379.2,384.7,394.9,372.0
2014-11-19,381.4,379.2,389.3,374.3
2014-11-20,357.3,381.4,383.0,355.1
2014-11-21,351.8,357.3,358.7,343.8
2014-11-22,352.0,351.8,364.2,350.5
2014-11-23,365.9,352.0,370.6,352.6
2014-11-24,378.9,365.9,388.7,361.9
2014-11-25,376.4,378.9,395.7,370.6
2014-11-26,365.4,376.4,378.3,364.0
2014-11-27,368.8,365.4,374.4,364.8
2014-11-28,377.6,368.8,383.3,358.4
2014-11-29,376.3,377.6,389.3,372.2
2014-11-30,374.9,376.3,381.1,372.6
2014-12-01,378.6,374.9,383.6,373.0
2014-12-02,380.6,378.6,384.9,375.4
2014-12-03,377.0,380.6,384.7,373.6
2014-12-04,369.8,377.0,380.4,366.2
2014-12-05,377.6,369.8,379.7,366.4
2014-12-06,376.3,377.6,380.3,372.0
2014-12-07,376.5,376.3,377.9,372.5
2014-12-08,365.0,376.5,377.4,364.6
2014-12-09,352.2,365.0,365.4,343.8
2014-12-10,347.9,352.2,354.1,345.1
2014-12-11,347.7,347.9,367.1,337.8
2014-12-12,353.4,347.7,356.4,346.0
2014-12-13,348.2,353.4,353.1,343.8
2014-12-14,349.4,348.2,351.6,344.6
2014-12-15,345.4,349.4,351.2,343.6
2014-12-16,330.2,345.4,346.5,328.9
2014-12-17,320.0,330.2,335.7,314.3
2014-12-18,310.3,320.0,325.6,303.4
2014-12-19,317.8,310.3,320.2,306.4
2014-12-20,330.4,317.8,332.6,316.0
2014-12-21,322.6,330.4,332.0,320.1
2014-12-22,330.8,322.6,335.3,319.9
2014-12-23,335.3,330.8,339.3,328.0
2014-12-24,322.4,335.3,336.3,320.6
2014-12-25,319.0,322.4,323.4,316.3
2014-12-26,330.0,319.0,332.9,316.4
2014-12-27,315.3,330.0,330.7,312.0
2014-12-28,316.5,315.3,322.8,310.5
2014-12-29,314.1,316.5,321.6,308.3
2014-12-30,311.3,314.1,316.2,309.3
2014-12-31,318.2,311.3,319.1,308.9
2015-01-01,314.9,318.2,321.4,313.5
2015-01-02,315.2,314.9,316.4,313.1
2015-01-03,287.1,315.2,315.8,284.9
2015-01-04,264.7,287.1,289.9,255.9
2015-01-05,274.8,264.7,278.3,262.9
2015-01-06,282.3,274.8,285.1,271.5
2015-01-07,291.3,282.3,296.1,280.7
2015-01-08,282.7,291.3,292.7,279.0
2015-01-09,288.0,282.7,290.6,277.3
2015-01-10,273.4,288.0,289.3,272.0
2015-01-11,264.8,273.4,278.0,263.8
2015-01-12,269.3,264.8,273.1,263.3
2015-01-13,221.3,269.3,269.1,217.1
2015-01-14,164.9,221.3,230.9,157.3
2015-01-15,209.8,164.9,231.3,164.6
2015-01-16,206.9,209.8,222.6,198.7
2015-01-17,199.6,206.9,212.6,191.7
2015-01-18,210.6,199.6,220.7,192.5
2015-01-19,215.9,210.6,219.5,205.5
2015-01-20,210.6,215.9,216.6,203.4
2015-01-21,228.2,210.6,229.3,207.1
2015-01-22,232.7,228.2,238.8,225.6
2015-01-23,232.2,232.7,237.0,224.8
2015-01-24,248.2,232.2,248.9,229.6
2015-01-25,252.1,248.2,256.4,241.4
2015-01-26,269.2,252.1,310.9,251.5
2015-01-27,263.3,269.2,276.9,247.3
2015-01-28,236.2,263.3,267.7,228.1
2015-01-29,234.0,236.2,241.5,220.4
2015-01-30,231.8,234.0,244.8,227.2
2015-01-31,218.5,231.8,235.4,216.5
2015-02-01,225.3,218.5,231.4,209.7
2015-02-02,238.9,225.3,242.5,220.5
2015-02-03,227.4,238.9,247.5,223.9
2015-02-04,226.6,227.4,230.7,220.2
2015-02-05,216.5,226.6,229.9,214.4
2015-02-06,223.0,216.5,226.2,215.6
2015-02-07,227.7,223.0,231.0,222.4
2015-02-08,223.7,227.7,230.2,219.5
2015-02-09,220.3,223.7,225.0,215.7
2015-02-10,219.7,220.3,222.2,214.4
2015-02-11,218.8,219.7,223.5,217.3
2015-02-12,221.8,218.8,223.0,217.3
2015-02-13,236.2,221.8,241.6,220.6
2015-02-14,258.6,236.2,261.3,235.4
2015-02-15,233.3,258.6,264.6,226.6
2015-02-16,235.8,233.3,240.0,228.0
2015-02-17,243.2,235.8,247.2,232.0
2015-02-18,235.2,243.2,245.5,231.7
2015-02-19,241.9,235.2,244.1,234.9
2015-02-20,244.5,241.9,247.8,238.8
2015-02-21,244.4,244.5,247.3,242.6
2015-02-22,235.7,244.4,246.5,232.7
2015-02-23,238.8,235.7,240.1,231.3
2015-02-24,238.9,238.8,240.3,235.5
2015-02-25,237.3,238.9,239.6,234.6
2015-02-26,236.5,237.3,238.2,233.5
2015-02-27,253.5,236.5,258.7,235.7
2015-02-28,254.1,253.5,255.4,248.7
2015-03-01,257.9,254.1,260.6,244.8
2015-03-02,273.8,257.9,274.8,256.1
2015-03-03,280.6,273.8,287.1,266.1
2015-03-04,271.9,280.6,284.5,265.9
2015-03-05,275.2,271.9,280.8,262.8
2015-03-06,272.6,275.2,278.0,269.0
2015-03-07,274.9,272.6,278.3,269.4
2015-03-08,274.5,274.9,278.8,271.3
2015-03-09,290.0,274.5,293.3,273.8
2015-03-10,291.4,290.0,301.0,288.1
2015-03-11,295.6,291.4,297.7,288.9
2015-03-12,293.9,295.6,297.0,290.8
2015-03-13,287.2,293.9,294.9,286.1
2015-03-14,281.6,287.2,288.4,279.3
2015-03-15,284.9,281.6,286.4,280.4
2015-03-16,290.4,284.9,294.0,284.8
2015-03-17,285.4,290.4,292.5,283.3
2015-03-18,255.9,285.4,285.6,248.2
2015-03-19,260.9,255.9,264.8,247.0
2015-03-20,261.8,260.9,264.7,257.9
2015-03-21,259.7,261.8,263.3,254.0
2015-03-22,268.6,259.7,270.4,259.0
2015-03-23,265.5,268.6,271.0,259.4
2015-03-24,246.7,265.5,267.0,242.7
2015-03-25,246.4,246.7,249.2,234.8
2015-03-26,248.0,246.4,254.7,243.5
2015-03-27,247.2,248.0,250.1,244.5
2015-03-28,252.0,247.2,254.3,246.3
2015-03-29,242.1,252.0,252.8,238.9
2015-03-30,246.8,242.1,248.8,236.6
2015-03-31,244.1,246.8,248.7,241.2
2015-04-01,246.2,244.1,247.7,239.6
2015-04-02,252.6,246.2,254.9,244.3
2015-04-03,254.5,252.6,256.5,251.3
2015-04-04,252.9,254.5,255.2,250.3
2015-04-05,259.6,252.9,260.3,250.6
2015-04-06,255.0,259.6,261.5,252.3
2015-04-07,253.0,255.0,255.6,250.1
2015-04-08,244.6,253.0,254.3,242.6
2015-04-09,243.3,244.6,246.2,237.6
2015-04-10,234.7,243.3,244.1,231.3
2015-04-11,236.5,234.7,240.0,233.1
2015-04-12,235.9,236.5,237.5,232.3
2015-04-13,223.6,235.9,236.8,220.4
2015-04-14,218.0,223.6,224.7,214.3
2015-04-15,223.0,218.0,223.6,217.1
2015-04-16,228.0,223.0,229.5,222.9
2015-04-17,222.6,228.0,229.3,220.6
2015-04-18,223.4,222.6,224.5,220.6
2015-04-19,223.0,223.4,226.9,222.0
2015-04-20,224.2,223.0,226.7,221.6
2015-04-21,233.7,224.2,235.3,223.3
2015-04-22,233.8,233.7,238.4,231.8
2015-04-23,235.4,233.8,236.1,232.6
2015-04-24,231.1,235.4,236.6,229.1
2015-04-25,226.1,231.1,232.3,223.1
2015-04-26,218.7,226.1,226.7,214.1
2015-04-27,229.0,218.7,242.6,216.6
2015-04-28,225.8,229.0,229.9,222.0
2015-04-29,225.4,225.8,227.2,222.3
2015-04-30,235.8,225.4,240.0,224.7
2015-05-01,233.2,235.8,239.4,232.4
2015-05-02,235.3,233.2,236.4,231.7
2015-05-03,240.0,235.3,243.6,233.8
2015-05-04,239.0,240.0,243.2,237.4
2015-05-05,235.8,239.0,239.6,231.8
2015-05-06,230.0,235.8,237.1,228.2
2015-05-07,237.7,230.0,240.3,228.3
2015-05-08,243.7,237.7,247.0,235.8
2015-05-09,241.4,243.7,247.9,238.5
2015-05-10,240.0,241.4,244.8,238.2
2015-05-11,241.8,240.0,243.9,238.9
2015-05-12,241.6,241.8,243.0,239.2
2015-05-13,236.4,241.6,243.9,234.1
2015-05-14,236.9,236.4,239.2,232.4
2015-05-15,237.2,236.9,238.8,235.5
2015-05-16,236.2,237.2,237.8,234.6
2015-05-17,236.3,236.2,237.8,235.4
2015-05-18,232.6,236.3,237.1,231.5
2015-05-19,232.0,232.6,234.5,231.3
2015-05-20,234.0,232.0,235.2,231.5
2015-05-21,235.4,234.0,236.6,233.6
2015-05-22,240.4,235.4,242.0,234.6
2015-05-23,238.9,240.4,241.7,238.1
2015-05-24,241.0,238.9,242.4,237.5
2015-05-25,237.4,241.0,241.8,235.8
2015-05-26,237.8,237.4,239.0,235.6
2015-05-27,237.3,237.8,238.9,235.9
2015-05-28,237.3,237.3,238.4,236.2
2015-05-29,237.0,237.3,237.9,235.1
2015-05-30,233.2,237.0,237.1,231.6
2015-05-31,229.8,233.2,234.0,229.1
2015-06-01,223.1,229.8,231.8,221.0
2015-06-02,225.7,223.1,227.4,222.3
2015-06-03,225.6,225.7,227.9,223.7
2015-06-04,224.2,225.6,226.7,223.5
2015-06-05,225.3,224.2,226.4,222.1
2015-06-06,224.7,225.3,225.8,223.5
2015-06-07,223.5,224.7,226.4,222.2
2015-06-08,228.6,223.5,229.9,223.0
2015-06-09,229.6,228.6,231.4,227.5
2015-06-10,228.8,229.6,230.4,227.8
2015-06-11,229.9,228.8,230.6,228.5
2015-06-12,230.5,229.9,231.6,229.3
2015-06-13,232.5,230.5,233.1,229.0
2015-06-14,233.8,232.5,235.5,232.1
2015-06-15,237.0,233.8,238.6,233.3
2015-06-16,249.8,237.0,254.1,235.7
2015-06-17,247.4,249.8,258.5,245.1
2015-06-18,248.4,247.4,251.9,242.5
2015-06-19,244.1,248.4,250.8,243.6
2015-06-20,245.0,244.1,246.6,238.7
2015-06-21,244.1,245.0,246.0,240.9
2015-06-22,247.5,244.1,248.6,243.2
2015-06-23,243.8,247.5,247.7,242.3
2015-06-24,240.6,243.8,244.5,239.1
2015-06-25,242.6,240.6,243.6,239.3
2015-06-26,242.9,242.6,243.5,240.1
2015-06-27,250.7,242.9,251.6,241.8
2015-06-28,248.9,250.7,251.6,246.6
2015-06-29,257.0,248.9,257.5,248.0
2015-06-30,264.1,257.0,268.7,255.4
2015-07-01,257.6,264.1,265.0,254.4
2015-07-02,254.9,257.6,261.3,253.1
2015-07-03,255.4,254.9,256.7,252.4
2015-07-04,260.5,255.4,261.1,253.4
2015-07-05,270.1,260.5,274.1,257.6
2015-07-06,269.1,270.1,277.5,266.5
2015-07-07,266.2,269.1,271.3,263.2
2015-07-08,268.6,266.2,273.6,263.2
2015-07-09,269.1,268.6,272.3,265.1
2015-07-10,283.6,269.1,297.9,266.9
2015-07-11,292.0,283.6,298.8,282.3
2015-07-12,310.4,292.0,315.9,291.3
2015-07-13,290.4,310.4,310.9,276.9
2015-07-14,287.0,290.4,297.0,285.2
2015-07-15,283.4,287.0,292.9,283.2
2015-07-16,276.6,283.4,290.8,273.3
2015-07-17,279.6,276.6,280.8,271.2
2015-07-18,274.0,279.6,282.5,243.2
2015-07-19,273.2,274.0,277.1,271.9
2015-07-20,277.7,273.2,278.9,271.8
2015-07-21,275.1,277.7,281.0,274.2
2015-07-22,276.5,275.1,277.4,273.1
2015-07-23,275.5,276.5,277.9,274.5
2015-07-24,288.4,275.5,289.8,274.3
2015-07-25,288.7,288.4,291.2,284.7
2015-07-26,291.8,288.7,293.3,286.8
2015-07-27,293.0,291.8,295.8,285.4
2015-07-28,293.7,293.0,296.7,291.7
2015-07-29,288.4,293.7,294.7,286.9
2015-07-30,287.0,288.4,289.9,284.9
2015-07-31,283.7,287.0,288.7,280.8
2015-08-01,280.5,283.7,284.5,276.3
2015-08-02,281.4,280.5,282.5,275.9
2015-08-03,281.6,281.4,285.0,278.9
2015-08-04,284.3,281.6,285.7,279.6
2015-08-05,281.7,284.3,285.5,280.5
2015-08-06,278.0,281.7,282.0,276.5
2015-08-07,277.9,278.0,279.6,274.3
2015-08-08,258.6,277.9,278.9,257.4
2015-08-09,263.9,258.6,266.8,258.6
2015-08-10,263.3,263.9,266.6,260.5
2015-08-11,269.0,263.3,269.9,261.4
2015-08-12,267.7,269.0,271.5,263.7
2015-08-13,263.4,267.7,268.4,261.3
2015-08-14,265.0,263.4,267.2,260.2
2015-08-15,260.5,265.0,266.5,259.4
2015-08-16,257.1,260.5,261.9,254.6
2015-08-17,257.1,257.1,259.9,252.9
2015-08-18,246.7,257.1,257.5,245.7
2015-08-19,226.0,246.7,247.9,214.3
2015-08-20,234.7,226.0,238.0,225.5
2015-08-21,232.4,234.7,236.3,230.5
2015-08-22,229.5,232.4,235.1,221.0
2015-08-23,226.8,229.5,232.7,224.3
2015-08-24,211.4,226.8,228.4,207.8
2015-08-25,220.5,211.4,226.6,196.3
2015-08-26,225.0,220.5,230.7,218.8
2015-08-27,222.7,225.0,228.4,222.0
2015-08-28,231.6,222.7,234.8,219.6
2015-08-29,228.5,231.6,233.1,226.4
2015-08-30,228.4,228.5,232.3,225.4
2015-08-31,229.5,228.4,231.8,224.2
2015-09-01,227.2,229.5,231.4,225.8
2015-09-02,228.6,227.2,230.6,225.6
2015-09-03,226.2,228.6,229.6,225.4
2015-09-04,230.3,226.2,231.1,225.8
2015-09-05,233.7,230.3,235.6,228.3
2015-09-06,239.9,233.7,243.6,234.7
2015-09-07,239.6,239.9,242.7,237.5
2015-09-08,243.2,239.6,246.4,239.2
2015-09-09,237.4,243.2,244.3,236.5
2015-09-10,238.1,237.4,240.6,234.3
2015-09-11,239.9,238.1,241.0,237.4
2015-09-12,235.6,239.9,240.3,233.3
2015-09-13,230.2,235.6,236.2,228.3
2015-09-14,229.9,230.2,232.6,226.0
2015-09-15,229.5,229.9,242.8,228.0
2015-09-16,228.6,229.5,230.9,225.1
2015-09-17,232.7,228.6,235.2,227.9
2015-09-18,232.2,232.7,234.7,230.6
2015-09-19,231.1,232.2,233.4,230.2
2015-09-20,231.1,231.1,232.7,229.9
2015-09-21,226.3,231.1,231.6,225.0
2015-09-22,230.0,226.3,233.2,224.1
2015-09-23,229.9,230.0,232.2,228.5
2015-09-24,233.8,229.9,235.8,229.6
2015-09-25,235.0,233.8,237.6,232.7
2015-09-26,234.3,235.0,235.7,232.7
2015-09-27,232.5,234.3,234.8,231.8
2015-09-28,238.9,232.5,240.4,232.4
2015-09-29,236.7,238.9,240.4,234.8
2015-09-30,235.9,236.7,237.8,234.4
2015-10-01,237.1,235.9,238.7,234.7
2015-10-02,236.7,237.1,238.4,235.1
2015-10-03,238.6,236.7,239.5,236.1
2015-10-04,238.3,238.6,277.6,237.5
2015-10-05,240.1,238.3,240.5,236.4
2015-10-06,246.1,240.1,247.6,239.4
2015-10-07,243.0,246.1,247.3,241.6
2015-10-08,242.6,243.0,244.8,241.6
2015-10-09,244.0,242.6,244.6,241.3
2015-10-10,245.4,244.0,245.9,242.9
2015-10-11,247.6,245.4,248.3,244.5
2015-10-12,245.4,247.6,248.0,244.6
2015-10-13,248.8,245.4,251.2,243.1
2015-10-14,252.3,248.8,255.1,248.3
2015-10-15,254.4,252.3,256.8,251.2
2015-10-16,262.9,254.4,267.3,253.9
2015-10-17,269.6,262.9,275.4,261.7
2015-10-18,261.7,269.6,272.4,259.5
2015-10-19,263.8,261.7,266.0,259.9
2015-10-20,269.8,263.8,272.1,262.7
2015-10-21,267.1,269.8,272.2,263.5
2015-10-22,274.4,267.1,278.7,266.8
2015-10-23,276.9,274.4,279.8,273.2
2015-10-24,282.6,276.9,283.0,277.0
2015-10-25,287.9,282.6,295.6,281.8
2015-10-26,285.1,287.9,287.6,279.6
2015-10-27,294.7,285.1,298.4,285.1
2015-10-28,303.5,294.7,307.5,294.0
2015-10-29,313.6,303.5,318.5,300.2
2015-10-30,327.1,313.6,334.9,310.8
2015-10-31,311.2,327.1,333.3,304.6
2015-11-01,323.0,311.2,324.3,304.7
2015-11-02,359.3,323.0,365.8,319.8
2015-11-03,396.5,359.3,416.8,354.6
2015-11-04,400.9,396.5,492.8,368.6
2015-11-05,382.7,400.9,447.2,366.1
2015-11-06,369.8,382.7,396.4,348.8
2015-11-07,385.1,369.8,391.8,369.0
2015-11-08,371.6,385.1,389.8,365.5
2015-11-09,380.2,371.6,385.1,360.2
2015-11-10,336.7,380.2,381.4,323.2
2015-11-11,304.7,336.7,341.8,292.4
2015-11-12,333.9,304.7,346.1,306.1
2015-11-13,333.8,333.9,341.8,323.9
2015-11-14,331.8,333.8,369.8,326.4
2015-11-15,317.5,331.8,334.8,314.2
2015-11-16,330.2,317.5,332.0,314.1
2015-11-17,333.9,330.2,342.9,328.1
2015-11-18,335.9,333.9,337.4,329.4
2015-11-19,325.0,335.9,335.6,323.4
2015-11-20,321.1,325.0,327.1,309.5
2015-11-21,324.7,321.1,328.4,318.4
2015-11-22,322.8,324.7,326.9,319.4
2015-11-23,322.1,322.8,325.0,319.9
2015-11-24,318.4,322.1,323.3,315.5
2015-11-25,327.5,318.4,330.0,315.7
2015-11-26,353.7,327.5,368.9,327.4
2015-11-27,359.5,353.7,363.9,345.1
2015-11-28,355.8,359.5,360.1,350.5
2015-11-29,370.8,355.8,372.8,354.5
2015-11-30,378.0,370.8,382.6,367.9
2015-12-01,361.8,378.0,379.0,353.7
2015-12-02,360.0,361.8,363.4,347.2
2015-12-03,360.3,360.0,371.4,355.5
2015-12-04,361.7,360.3,364.0,354.3
2015-12-05,386.7,361.7,390.3,361.5
2015-12-06,393.4,386.7,402.2,382.6
2015-12-07,394.3,393.4,398.7,381.7
2015-12-08,410.7,394.3,411.1,388.0
2015-12-09,416.0,410.7,424.6,403.3
2015-12-10,415.5,416.0,420.4,409.5
2015-12-11,449.8,415.5,453.4,413.7
2015-12-12,432.3,449.8,467.7,403.7
2015-12-13,434.7,432.3,441.0,420.8
2015-12-14,442.0,434.7,449.5,428.8
2015-12-15,462.6,442.0,464.2,440.7
2015-12-16,454.0,462.6,465.2,437.4
2015-12-17,455.5,454.0,458.4,447.3
2015-12-18,463.2,455.5,466.1,453.5
2015-12-19,461.2,463.2,466.0,452.3
2015-12-20,441.8,461.2,462.8,431.1
2015-12-21,437.6,441.8,445.5,424.0
2015-12-22,437.0,437.6,443.2,433.3
2015-12-23,442.4,437.0,444.8,434.3
2015-12-24,453.0,442.4,460.6,441.8
2015-12-25,454.0,453.0,457.4,449.5
2015-12-26,415.4,454.0,456.5,400.5
2015-12-27,422.4,415.4,425.5,406.1
2015-12-28,421.8,422.4,429.9,417.1
2015-12-29,431.9,421.8,433.6,419.3
2015-12-30,427.1,431.9,435.0,420.8
2015-12-31,430.0,427.1,433.1,417.1
2016-01-01,434.0,430.0,438.0,425.9
2016-01-02,433.7,434.0,437.4,430.7
2016-01-03,430.7,433.7,434.1,423.1
2016-01-04,433.3,430.7,435.3,428.6
2016-01-05,431.2,433.3,435.3,428.9
2016-01-06,430.8,431.2,432.1,425.0
2016-01-07,457.0,430.8,457.5,428.5
2016-01-08,452.9,457.0,462.9,446.5
2016-01-09,448.3,452.9,454.5,444.9
2016-01-10,446.2,448.3,448.9,438.6
2016-01-11,447.7,446.2,451.1,441.8
2016-01-12,445.0,447.7,448.4,443.1
2016-01-13,432.2,445.0,443.7,420.4
2016-01-14,429.1,432.2,433.7,427.0
2016-01-15,372.3,429.1,430.1,364.7
2016-01-16,385.0,372.3,386.7,350.4
2016-01-17,382.5,385.0,390.7,377.7
2016-01-18,384.4,382.5,387.3,373.2
2016-01-19,379.5,384.4,386.7,375.9
2016-01-20,414.6,379.5,425.7,374.0
2016-01-21,410.2,414.6,423.4,403.9
2016-01-22,382.6,410.2,411.5,374.9
2016-01-23,388.6,382.6,395.4,380.3
2016-01-24,402.1,388.6,405.4,385.5
2016-01-25,392.8,402.1,403.8,386.9
2016-01-26,389.8,392.8,397.7,387.9
2016-01-27,395.0,389.8,397.4,389.4
2016-01-28,379.7,395.0,395.4,376.7
2016-01-29,380.3,379.7,385.8,363.5
2016-01-30,377.8,380.3,381.8,375.0
2016-01-31,369.8,377.8,380.5,366.9
2016-02-01,372.2,369.8,379.8,365.3
2016-02-02,373.9,372.2,376.6,371.4
2016-02-03,368.0,373.9,375.9,366.2
2016-02-04,390.6,368.0,391.8,368.0
2016-02-05,386.5,390.6,391.1,384.5
2016-02-06,376.7,386.5,386.4,372.9
2016-02-07,377.9,376.7,382.6,375.3
2016-02-08,372.6,377.9,380.9,372.1
2016-02-09,375.3,372.6,377.6,371.4
2016-02-10,381.9,375.3,385.4,374.1
2016-02-11,379.5,381.9,383.2,372.8
2016-02-12,384.0,379.5,386.4,379.3
2016-02-13,390.1,384.0,392.6,383.3
2016-02-14,405.5,390.1,405.9,390.1
2016-02-15,401.1,405.5,410.9,396.6
2016-02-16,406.4,401.1,409.8,398.0
2016-02-17,417.1,406.4,421.5,405.0
2016-02-18,421.4,417.1,425.5,414.8
2016-02-19,420.0,421.4,424.3,416.4
2016-02-20,440.1,420.0,442.7,419.5
2016-02-21,437.9,440.1,447.6,425.5
2016-02-22,437.8,437.9,440.2,431.3
2016-02-23,419.9,437.8,440.8,414.4
2016-02-24,422.7,419.9,425.2,410.4
2016-02-25,423.5,422.7,427.2,417.5
2016-02-26,427.3,423.5,427.6,419.1
2016-02-27,431.3,427.3,434.1,427.3
2016-02-28,432.5,431.3,435.6,421.2
2016-02-29,436.2,432.5,441.3,429.8
2016-03-01,434.0,436.2,439.0,428.5
2016-03-02,425.4,434.0,435.9,423.9
2016-03-03,419.6,425.4,425.8,414.9
2016-03-04,409.5,419.6,423.4,407.2
2016-03-05,399.0,409.5,410.1,386.9
2016-03-06,406.0,399.0,412.0,393.1
2016-03-07,414.9,406.0,416.6,402.0
2016-03-08,411.9,414.9,416.7,408.4
2016-03-09,412.8,411.9,414.9,408.9
2016-03-10,415.8,412.8,417.5,410.3
2016-03-11,419.1,415.8,422.4,415.1
2016-03-12,410.4,419.1,420.7,407.0
2016-03-13,412.4,410.4,415.9,409.6
2016-03-14,414.3,412.4,416.1,411.2
2016-03-15,415.1,414.3,417.4,412.3
2016-03-16,415.9,415.1,417.0,413.3
2016-03-17,418.2,415.9,419.6,415.3
2016-03-18,408.2,418.2,418.6,402.5
2016-03-19,408.7,408.2,410.5,402.1
2016-03-20,411.5,408.7,413.5,407.2
2016-03-21,411.1,411.5,413.1,407.3
2016-03-22,416.2,411.1,417.9,410.8
2016-03-23,417.0,416.2,419.6,414.2
2016-03-24,414.7,417.0,417.7,412.9
2016-03-25,415.7,414.7,417.3,412.4
2016-03-26,416.5,415.7,417.7,413.9
2016-03-27,424.6,416.5,427.4,415.5
2016-03-28,422.2,424.6,425.4,419.7
2016-03-29,415.0,422.2,424.5,406.4
2016-03-30,412.4,415.0,416.2,408.4
2016-03-31,415.7,412.4,417.2,411.5
2016-04-01,415.6,415.7,416.9,412.8
2016-04-02,418.5,415.6,420.1,415.1
2016-04-03,419.1,418.5,420.2,417.0
2016-04-04,419.3,419.1,420.4,416.2
2016-04-05,422.1,419.3,423.7,418.0
2016-04-06,421.3,422.1,422.8,419.5
2016-04-07,420.1,421.3,422.0,417.9
2016-04-08,417.7,420.1,423.5,415.5
2016-04-09,418.0,417.7,418.9,412.4
2016-04-10,420.3,418.0,421.6,416.7
2016-04-11,421.4,420.3,422.4,418.1
2016-04-12,424.7,421.4,426.7,420.7
2016-04-13,423.5,424.7,426.6,421.4
2016-04-14,424.0,423.5,425.4,421.8
2016-04-15,428.7,424.0,429.5,423.3
2016-04-16,430.0,428.7,432.0,426.8
2016-04-17,426.3,430.0,430.6,423.8
2016-04-18,427.7,426.3,429.1,424.4
2016-04-19,434.9,427.7,436.1,426.8
2016-04-20,441.2,434.9,442.9,432.5
2016-04-21,449.3,441.2,450.8,439.5
2016-04-22,445.3,449.3,450.2,441.9
2016-04-23,450.1,445.3,451.5,443.1
2016-04-24,457.6,450.1,461.8,447.9
2016-04-25,461.7,457.6,466.2,451.8
2016-04-26,466.0,461.7,468.9,459.2
2016-04-27,447.0,466.0,467.9,444.6
2016-04-28,448.5,447.0,450.1,433.9
2016-04-29,455.0,448.5,456.3,445.2
2016-04-30,448.5,455.0,456.9,446.6
2016-05-01,452.2,448.5,454.2,447.5
2016-05-02,444.2,452.2,453.9,440.2
2016-05-03,450.3,444.2,451.5,441.5
2016-05-04,445.8,450.3,450.9,444.2
2016-05-05,448.1,445.8,449.2,444.4
2016-05-06,459.6,448.1,461.5,445.7
2016-05-07,458.5,459.6,460.6,454.6
2016-05-08,457.9,458.5,460.2,454.9
2016-05-09,460.4,457.9,464.2,455.4
2016-05-10,449.4,460.4,462.1,446.8
2016-05-11,452.5,449.4,456.1,449.6
2016-05-12,454.4,452.5,455.3,448.4
2016-05-13,455.4,454.4,457.2,451.5
2016-05-14,456.4,455.4,457.7,453.6
2016-05-15,458.1,456.4,460.3,455.0
2016-05-16,454.9,458.1,459.6,450.7
2016-05-17,453.3,454.9,456.3,451.7
2016-05-18,454.2,453.3,456.6,452.4
2016-05-19,442.7,454.2,455.2,441.1
2016-05-20,442.1,442.7,447.8,435.4
2016-05-21,443.6,442.1,445.2,439.7
2016-05-22,439.6,443.6,444.2,436.9
2016-05-23,443.7,439.6,445.0,438.2
2016-05-24,446.1,443.7,447.9,442.0
2016-05-25,449.8,446.1,451.2,445.4
2016-05-26,453.3,449.8,454.3,447.7
2016-05-27,474.0,453.3,479.2,452.7
2016-05-28,524.2,474.0,531.8,467.0
2016-05-29,516.0,524.2,548.0,493.2
2016-05-30,532.3,516.0,544.2,512.8
2016-05-31,528.9,532.3,546.9,513.2
2016-06-01,537.4,528.9,542.3,521.3
2016-06-02,537.1,537.4,541.5,530.5
2016-06-03,567.0,537.1,573.7,534.3
2016-06-04,572.0,567.0,592.7,560.9
2016-06-05,574.9,572.0,583.6,567.8
2016-06-06,583.6,574.9,586.7,571.7
2016-06-07,575.6,583.6,591.3,543.6
2016-06-08,580.5,575.6,582.4,567.8
2016-06-09,574.7,580.5,580.7,569.3
2016-06-10,577.9,574.7,579.3,571.1
2016-06-11,591.6,577.9,592.6,576.3
2016-06-12,666.5,591.6,683.8,592.8
2016-06-13,700.1,666.5,718.2,652.8
2016-06-14,685.1,700.1,702.5,654.7
2016-06-15,690.8,685.1,695.1,670.5
2016-06-16,761.2,690.8,769.7,687.4
2016-06-17,743.9,761.2,771.9,704.2
2016-06-18,753.8,743.9,776.0,727.1
2016-06-19,761.0,753.8,765.1,740.4
2016-06-20,734.0,761.0,764.6,717.4
2016-06-21,667.4,734.0,732.2,626.0
2016-06-22,590.6,667.4,677.8,586.6
2016-06-23,620.8,590.6,629.5,539.3
2016-06-24,656.9,620.8,687.4,616.4
2016-06-25,663.5,656.9,688.1,640.8
2016-06-26,625.4,663.5,665.2,609.9
2016-06-27,644.7,625.4,650.3,615.2
2016-06-28,644.9,644.7,659.3,634.3
2016-06-29,636.5,644.9,645.9,621.8
2016-06-30,670.0,636.5,673.0,631.2
2016-07-01,674.6,670.0,685.1,661.1
2016-07-02,698.1,674.6,700.5,671.5
2016-07-03,661.6,698.1,701.5,644.6
2016-07-04,675.2,661.6,679.0,644.0
2016-07-05,663.7,675.2,679.2,657.3
2016-07-06,672.7,663.7,678.4,662.2
2016-07-07,635.3,672.7,676.2,605.0
2016-07-08,662.8,635.3,663.4,630.2
2016-07-09,651.8,662.8,663.5,620.7
2016-07-10,647.1,651.8,652.0,636.8
2016-07-11,646.7,647.1,657.5,640.0
2016-07-12,670.6,646.7,673.2,644.6
2016-07-13,661.2,670.6,672.0,656.0
2016-07-14,657.3,661.2,661.9,646.3
2016-07-15,664.2,657.3,667.5,656.5
2016-07-16,660.7,664.2,665.4,655.7
2016-07-17,676.3,660.7,680.9,660.1
2016-07-18,670.4,676.3,680.4,664.6
2016-07-19,671.1,670.4,673.2,663.6
2016-07-20,664.4,671.1,672.3,659.5
2016-07-21,664.6,664.4,666.5,657.8
2016-07-22,651.1,664.6,669.4,645.7
2016-07-23,655.2,651.1,658.2,648.0
2016-07-24,659.3,655.2,664.2,651.0
2016-07-25,654.0,659.3,662.5,651.1
2016-07-26,654.4,654.0,657.8,643.5
2016-07-27,654.5,654.4,659.1,646.0
2016-07-28,654.1,654.5,658.0,650.8
2016-07-29,655.4,654.1,657.4,651.0
2016-07-30,654.7,655.4,657.5,652.1
2016-07-31,621.9,654.7,654.9,621.4
2016-08-01,607.0,621.9,627.9,603.5
2016-08-02,513.4,607.0,613.8,471.4
2016-08-03,566.4,513.4,573.1,514.1
2016-08-04,576.2,566.4,584.9,559.5
2016-08-05,574.7,576.2,580.0,565.8
2016-08-06,586.5,574.7,596.7,565.3
2016-08-07,590.8,586.5,596.0,580.9
2016-08-08,589.2,590.8,594.2,585.4
2016-08-09,585.3,589.2,591.2,581.1
2016-08-10,590.9,585.3,600.5,580.9
2016-08-11,587.8,590.9,599.2,585.4
2016-08-12,587.1,587.8,591.1,582.2
2016-08-13,584.6,587.1,590.1,582.8
2016-08-14,569.1,584.6,585.8,559.9
2016-08-15,567.0,569.1,575.0,559.3
2016-08-16,580.2,567.0,583.4,563.4
2016-08-17,572.3,580.2,581.1,568.7
2016-08-18,573.4,572.3,579.5,570.8
2016-08-19,574.6,573.4,577.9,566.3
2016-08-20,582.6,574.6,583.5,572.3
2016-08-21,580.7,582.6,585.3,577.8
2016-08-22,587.5,580.7,591.9,577.1
2016-08-23,583.6,587.5,589.9,578.6
2016-08-24,579.7,583.6,584.5,576.8
2016-08-25,578.0,579.7,580.7,570.8
2016-08-26,579.4,578.0,582.7,575.8
2016-08-27,570.3,579.4,580.4,567.3
2016-08-28,575.0,570.3,576.3,569.2
2016-08-29,574.2,575.0,578.6,571.4
2016-08-30,577.3,574.2,579.9,572.5
2016-08-31,573.9,577.3,578.3,571.7
2016-09-01,572.0,573.9,705.0,569.4
2016-09-02,575.3,572.0,577.6,569.3
2016-09-03,598.8,575.3,605.0,572.6
2016-09-04,609.5,598.8,615.2,590.8
2016-09-05,605.8,609.5,610.6,598.8
2016-09-06,610.4,605.8,612.0,603.5
2016-09-07,613.2,610.4,616.5,606.2
2016-09-08,625.6,613.2,629.3,611.3
2016-09-09,623.2,625.6,627.6,617.3
2016-09-10,624.5,623.2,627.5,621.1
2016-09-11,605.6,624.5,630.8,592.8
2016-09-12,608.0,605.6,610.6,603.0
2016-09-13,608.6,608.0,612.0,604.9
2016-09-14,609.5,608.6,612.2,606.4
2016-09-15,608.1,609.5,610.7,605.1
2016-09-16,607.8,608.1,610.4,605.2
2016-09-17,607.1,607.8,609.6,604.5
2016-09-18,610.7,607.1,612.4,605.2
2016-09-19,609.8,610.7,612.4,607.0
2016-09-20,609.2,609.8,611.3,605.9
2016-09-21,597.2,609.2,608.8,591.7
2016-09-22,595.6,597.2,599.8,592.8
2016-09-23,602.9,595.6,603.7,594.1
2016-09-24,602.6,602.9,605.9,600.5
2016-09-25,601.5,602.6,604.9,598.3
2016-09-26,606.5,601.5,608.5,598.2
2016-09-27,605.5,606.5,609.0,601.7
2016-09-28,604.7,605.5,606.9,602.6
2016-09-29,604.7,604.7,607.2,602.0
2016-09-30,608.1,604.7,608.8,602.3
2016-10-01,613.4,608.1,615.0,607.1
2016-10-02,610.7,613.4,614.2,607.7
2016-10-03,611.6,610.7,613.2,608.5
2016-10-04,609.0,611.6,612.7,606.5
2016-10-05,611.8,609.0,613.7,608.0
2016-10-06,611.0,611.8,612.7,608.5
2016-10-07,616.0,611.0,619.4,609.1
2016-10-08,617.7,616.0,619.6,614.9
2016-10-09,615.8,617.7,618.3,613.0
2016-10-10,617.3,615.8,618.8,612.8
2016-10-11,640.5,617.3,642.3,615.6
2016-10-12,636.0,640.5,642.5,632.2
2016-10-13,635.6,636.0,639.5,632.3
2016-10-14,637.9,635.6,640.5,630.7
2016-10-15,637.0,637.9,641.4,635.1
2016-10-16,640.1,637.0,642.2,636.4
2016-10-17,637.4,640.1,641.3,634.9
2016-10-18,635.3,637.4,639.3,632.2
2016-10-19,629.1,635.3,637.3,624.1
2016-10-20,628.3,629.1,630.8,625.5
2016-10-21,630.5,628.3,633.3,627.6
2016-10-22,655.5,630.5,659.9,629.7
2016-10-23,653.0,655.5,661.2,648.8
2016-10-24,650.5,653.0,654.3,645.7
2016-10-25,651.0,650.5,662.5,647.7
2016-10-26,674.7,651.0,678.4,651.4
2016-10-27,682.3,674.7,687.9,672.3
2016-10-28,686.2,682.3,688.4,678.6
2016-10-29,715.0,686.2,720.2,685.2
2016-10-30,697.3,715.0,714.9,689.5
2016-10-31,698.7,697.3,707.2,682.2
2016-11-01,726.8,698.7,734.4,695.2
2016-11-02,733.5,726.8,735.8,718.1
2016-11-03,684.9,733.5,744.4,670.4
2016-11-04,702.1,684.9,706.6,681.3
2016-11-05,702.1,702.1,706.4,694.0
2016-11-06,709.9,702.1,714.1,697.6
2016-11-07,705.4,709.9,711.7,698.3
2016-11-08,710.9,705.4,714.6,701.0
2016-11-09,721.4,710.9,741.2,707.1
2016-11-10,714.6,721.4,723.0,707.3
2016-11-11,715.0,714.6,719.8,711.7
2016-11-12,704.3,715.0,717.4,701.1
2016-11-13,702.0,704.3,705.6,685.0
2016-11-14,704.6,702.0,708.0,696.1
2016-11-15,711.1,704.6,716.9,697.9
2016-11-16,740.3,711.1,746.0,708.1
2016-11-17,737.5,740.3,751.9,730.1
2016-11-18,747.0,737.5,751.4,731.0
2016-11-19,747.9,747.0,755.3,737.4
2016-11-20,728.5,747.9,752.3,712.8
2016-11-21,736.2,728.5,744.3,726.5
2016-11-22,749.3,736.2,754.0,730.6
2016-11-23,741.1,749.3,750.9,731.3
2016-11-24,735.3,741.1,744.2,726.2
2016-11-25,740.4,735.3,741.3,729.0
2016-11-26,734.1,740.4,741.0,725.6
2016-11-27,729.4,734.1,738.3,727.1
2016-11-28,733.3,729.4,738.1,727.7
2016-11-29,732.6,733.3,737.0,727.8
2016-11-30,742.5,732.6,745.4,730.6
2016-12-01,752.6,742.5,755.5,741.1
2016-12-02,770.9,752.6,779.0,752.3
2016-12-03,764.2,770.9,772.3,755.8
2016-12-04,766.4,764.2,769.2,758.8
2016-12-05,754.3,766.4,769.2,746.0
2016-12-06,758.2,754.3,762.5,750.9
2016-12-07,765.6,758.2,769.0,754.3
2016-12-08,768.5,765.6,773.4,761.2
2016-12-09,770.5,768.5,773.5,765.0
2016-12-10,774.0,770.5,777.0,769.2
2016-12-11,767.9,774.0,774.2,763.0
2016-12-12,778.5,767.9,781.3,767.9
2016-12-13,778.7,778.5,790.3,767.8
2016-12-14,776.5,778.7,780.8,771.0
2016-12-15,775.2,776.5,780.3,773.1
2016-12-16,782.0,775.2,783.9,773.3
2016-12-17,787.2,782.0,791.6,779.4
2016-12-18,789.0,787.2,791.3,783.8
2016-12-19,789.8,789.0,793.7,786.3
2016-12-20,799.1,789.8,800.0,787.1
2016-12-21,829.2,799.1,833.1,796.0
2016-12-22,860.2,829.2,874.7,828.9
2016-12-23,917.2,860.2,920.3,858.0
2016-12-24,891.1,917.2,920.5,880.8
2016-12-25,891.1,891.1,895.2,851.4
2016-12-26,898.4,891.1,909.3,885.9
2016-12-27,925.8,898.4,937.9,893.4
2016-12-28,972.2,925.8,974.5,925.5
2016-12-29,971.1,972.2,982.6,949.2
2016-12-30,959.0,971.1,971.6,927.4
2016-12-31,963.4,959.0,965.5,942.4
2017-01-07,888.9,886.2,900.9,806.7
2017-01-08,900.9,888.9,936.1,875.8
2017-01-09,899.8,900.9,910.5,870.9
2017-01-10,904.4,899.8,911.3,890.1
2017-01-11,785.4,904.4,917.7,751.6
2017-01-12,810.1,785.4,828.2,739.5
2017-01-13,824.8,810.1,835.0,771.0
2017-01-14,819.6,824.8,838.9,808.3
2017-01-15,821.2,819.6,826.4,808.6
2017-01-16,827.3,821.2,836.7,817.7
2017-01-17,899.7,827.3,906.4,825.0
2017-01-18,872.0,899.7,913.7,845.9
2017-01-19,895.2,872.0,905.3,870.7
2017-01-20,892.9,895.2,901.5,878.9
2017-01-21,919.8,892.9,928.9,889.5
2017-01-22,918.8,919.8,938.4,888.6
2017-01-23,921.5,918.8,928.0,910.8
2017-01-24,893.8,921.5,925.6,889.2
2017-01-25,894.4,893.8,905.7,883.6
2017-01-26,915.6,894.4,919.3,893.5
2017-01-27,918.0,915.6,922.6,907.9
2017-01-28,918.5,918.0,921.9,912.8
2017-01-29,914.5,918.5,922.4,912.7
2017-01-30,920.7,914.5,922.3,911.5
2017-01-31,965.5,920.7,967.5,917.4
2017-02-01,982.4,965.5,986.6,959.8
2017-03-25,966.3,939.7,996.0,890.4
